,Attributed Touch Type,Attributed Touch Time,Install Time,Event Time,Event Name,Event Value,Event Revenue,Event Revenue Currency,Event Revenue Preferred,Event Source,Is Receipt Validated,Partner,Media Source,Channel,Keywords,Campaign,Campaign ID,Adset,Adset ID,Ad,Ad ID,Ad Type,Site ID,Sub Site ID,Sub Param 1,Sub Param 2,Sub Param 3,Sub Param 4,Sub Param 5,Cost Model,Cost Value,Cost Currency,Contributor 1 Partner,Contributor 1 Media Source,Contributor 1 Campaign,Contributor 1 Touch Type,Contributor 1 Touch Time,Contributor 2 Partner,Contributor 2 Media Source,Contributor 2 Campaign,Contributor 2 Touch Type,Contributor 2 Touch Time,Contributor 3 Partner,Contributor 3 Media Source,Contributor 3 Campaign,Contributor 3 Touch Type,Contributor 3 Touch Time,Region,Country Code,State,City,Postal Code,DMA,IP,WIFI,Operator,Carrier,Language,AppsFlyer ID,Advertising ID,IDFA,Android ID,Customer User ID,IMEI,IDFV,Platform,Device Type,OS Version,App Version,SDK Version,App ID,App Name,Bundle ID,Is Retargeting,Retargeting Conversion Type,Attribution Lookback,Reengagement Window,Is Primary Attribution,User Agent,HTTP Referrer,Original URL,Install App Store,Match Type,Contributor 1 Match Type,Contributor 2 Match Type,Contributor 3 Match Type,Device Category,Google Play Referrer,Google Play Click Time,Google Play Install Begin Time
0,click,2020-12-31 22:06:11,2020-12-31 22:14:08,2020-12-31 22:30:35,af_purchase,"{""af_currency"":""USD"",""af_content_type"":""subscription"",""af_revenue"":""$4.99"",""af_success"":""True"",""af_price"":""$4.99"",""af_content_id"":""subscription_plus_monthly"",""af_quantity"":""1""}",$4.99,USD,4.99,SDK,,,Facebook Ads,Facebook,,US - Launch Coloring Persona - iOS,23845996371770586,CC - US - Coloring Persona - 7 - iOS,23846031749800586,US - CC - Self-expression - 7 - Artistic Escapism,23846031749790586,,,,,,,,,,,,,,,,,,,,,,,,,,,,US,CO,Denver,80249,751,67.133.97.102,True,,,en-US,1609452824939-3716170,,C2E35C95-4445-4554-976B-4A1929CB5247,,,,3716A17A-0620-4DC6-BFA5-25580956F8A8,ios,iPhone 11 Pro,14.3,2020.12.21,v5.4.1,id1506654910,Color Collab - iOS,com.foundryiv.colorcollab,False,,28d,,True,colorcollab/3 CFNetwork/1209 Darwin/20.2.0,,,,srn,,,,phone,,,
1,click,2020-12-20 19:47:45,2020-12-21 01:19:50,2020-12-26 19:10:49,af_purchase,"{""af_currency"":""USD"",""af_content_type"":""subscription"",""af_revenue"":""$4.99"",""af_success"":""True"",""af_price"":""$4.99"",""af_content_id"":""subscription_plus_monthly"",""af_quantity"":""1""}",$4.99,USD,4.99,SDK,,,Facebook Ads,Facebook,,US - Launch Coloring Persona - iOS,23845996371770586,CC - US - Coloring Persona - 7 - iOS,23846031749800586,US - CC - Self-expression - 7 - Artistic Escapism,23846031749790586,,,,,,,,,,,,,,,,,,,,,,,,,,,,US,CA,Ontario,91761,803,76.87.113.182,True,,,en-US,1608493681663-6056203,,C61BBBDB-A9DD-4E83-A848-0F90824D229F,,,,605620DB-3164-4DDF-8527-914760DB904B,ios,"iPhone13,2",14.2.1,2020.12.21,v5.4.1,id1506654910,Color Collab - iOS,com.foundryiv.colorcollab,False,,28d,,True,colorcollab/3 CFNetwork/1206 Darwin/20.1.0,,,,srn,,,,phone,,,
2,click,2020-12-21 03:17:09,2020-12-21 03:19:15,2020-12-26 12:50:30,af_purchase,"{""af_currency"":""USD"",""af_content_type"":""subscription"",""af_revenue"":""0.0"",""af_success"":""False"",""af_price"":""$4.99"",""af_content_id"":""subscription_plus_monthly"",""af_quantity"":""1""}",0.0,USD,0.0,SDK,,,Facebook Ads,Facebook,,US - Launch Coloring Persona - iOS,23845996371770586,CC - US - Coloring Persona - 7 - iOS,23846031749800586,US - CC - Self-expression - 7 - Artistic Escapism,23846031749790586,,,,,,,,,,,,,,,,,,,,,,,,,,,,US,UT,Salt Lake City,84106,770,73.228.94.171,True,,,en-US,1608520738281-6892434,,DF5EC3FC-FB46-49DC-927C-C7809DA62B7C,,,,68CDCF9E-2FCD-4346-8CED-35BAA1A920B6,ios,iPhone XR,12.4,2020.12.21,v5.4.1,id1506654910,Color Collab - iOS,com.foundryiv.colorcollab,False,,28d,,True,colorcollab/3 CFNetwork/978.0.7 Darwin/18.7.0,,,,srn,,,,phone,,,
3,click,2020-12-09 19:01:26,2020-12-13 19:11:50,2020-12-13 19:21:05,af_purchase,"{""af_currency"":""USD"",""af_content_type"":""subscription"",""af_revenue"":""0.0"",""af_success"":""False"",""af_price"":""$4.99"",""af_content_id"":""subscription_plus_monthly"",""af_quantity"":""1""}",0.0,USD,0.0,SDK,,,Facebook Ads,Instagram,,US - Launch Coloring Persona - iOS,23845996371770586,CC - US - Coloring Persona - 7 - iOS,23846031749800586,US - CC - Self-expression - 7 - Artistic Escapism,23846031749790586,,,,,,,,,,,,,,,,,,,,,,,,,,,,US,MA,Lakeville,2347,506,100.17.14.22,True,,,en-US,1607540499963-4939606,,4E3F481B-D5C9-4178-8E9F-0D8E1793B87C,,,,CF49396A-0E69-481C-84D3-45399E17A38E,ios,iPhone 11,14.2,2020.12.04,v5.4.1,id1506654910,Color Collab - iOS,com.foundryiv.colorcollab,False,,28d,,True,colorcollab/4 CFNetwork/1206 Darwin/20.1.0,,,,srn,,,,phone,,,
4,click,2020-12-11 22:56:52,2020-12-13 03:51:53,2020-12-13 03:53:23,af_purchase,"{""af_currency"":""USD"",""af_content_type"":""subscription"",""af_revenue"":""0.0"",""af_success"":""False"",""af_price"":""$4.99"",""af_content_id"":""subscription_plus_monthly"",""af_quantity"":""1""}",0.0,USD,0.0,SDK,,,Facebook Ads,Instagram,,US - Launch Coloring Persona - iOS,23845996371770586,CC - US - Coloring Persona - 7 - iOS,23846031749800586,US - CC - Self-expression - 7 - Artistic Escapism,23846031749790586,,,,,,,,,,,,,,,,,,,,,,,,,,,,US,FL,Gainesville,32605,592,70.171.53.5,True,,,es-US,1607727427718-2378486,,E23652BF-68CB-44F1-B307-8F81E5A354CF,,,,DBB2378E-4D86-460B-8B0B-6C4C9AC70EB5,ios,iPad 7 WiFi+Cellular,14.0.1,2020.12.04,v5.4.1,id1506654910,Color Collab - iOS,com.foundryiv.colorcollab,False,,28d,,True,colorcollab/4 CFNetwork/1197 Darwin/20.0.0,,,,srn,,,,tablet,,,
5,click,2020-12-11 22:56:52,2020-12-13 03:51:53,2020-12-13 03:53:08,af_purchase,"{""af_currency"":""USD"",""af_content_type"":""subscription"",""af_revenue"":""0.0"",""af_success"":""False"",""af_price"":""$4.99"",""af_content_id"":""subscription_plus_monthly"",""af_quantity"":""1""}",0.0,USD,0.0,SDK,,,Facebook Ads,Instagram,,US - Launch Coloring Persona - iOS,23845996371770586,CC - US - Coloring Persona - 7 - iOS,23846031749800586,US - CC - Self-expression - 7 - Artistic Escapism,23846031749790586,,,,,,,,,,,,,,,,,,,,,,,,,,,,US,FL,Gainesville,32605,592,70.171.53.5,True,,,es-US,1607727427718-2378486,,E23652BF-68CB-44F1-B307-8F81E5A354CF,,,,DBB2378E-4D86-460B-8B0B-6C4C9AC70EB5,ios,iPad 7 WiFi+Cellular,14.0.1,2020.12.04,v5.4.1,id1506654910,Color Collab - iOS,com.foundryiv.colorcollab,False,,28d,,True,colorcollab/4 CFNetwork/1197 Darwin/20.0.0,,,,srn,,,,tablet,,,
6,click,2020-12-11 22:56:52,2020-12-13 03:51:53,2020-12-13 03:52:45,af_purchase,"{""af_currency"":""USD"",""af_content_type"":""subscription"",""af_revenue"":""0.0"",""af_success"":""False"",""af_price"":""$4.99"",""af_content_id"":""subscription_plus_monthly"",""af_quantity"":""1""}",0.0,USD,0.0,SDK,,,Facebook Ads,Instagram,,US - Launch Coloring Persona - iOS,23845996371770586,CC - US - Coloring Persona - 7 - iOS,23846031749800586,US - CC - Self-expression - 7 - Artistic Escapism,23846031749790586,,,,,,,,,,,,,,,,,,,,,,,,,,,,US,FL,Gainesville,32605,592,70.171.53.5,True,,,es-US,1607727427718-2378486,,E23652BF-68CB-44F1-B307-8F81E5A354CF,,,,DBB2378E-4D86-460B-8B0B-6C4C9AC70EB5,ios,iPad 7 WiFi+Cellular,14.0.1,2020.12.04,v5.4.1,id1506654910,Color Collab - iOS,com.foundryiv.colorcollab,False,,28d,,True,colorcollab/4 CFNetwork/1197 Darwin/20.0.0,,,,srn,,,,tablet,,,
7,click,2020-12-12 14:30:41,2020-12-12 17:07:48,2020-12-12 17:16:09,af_purchase,"{""af_currency"":""USD"",""af_content_type"":""subscription"",""af_revenue"":""$4.99"",""af_success"":""True"",""af_price"":""$4.99"",""af_content_id"":""subscription_plus_monthly"",""af_quantity"":""1""}",$4.99,USD,4.99,SDK,,,Facebook Ads,Facebook,,US - Launch Coloring Persona - iOS,23845996371770586,CC - US - Coloring Persona - 7 - iOS,23846031749800586,US - CC - Self-expression - 7 - Artistic Escapism,23846031749790586,,,,,,,,,,,,,,,,,,,,,,,,,,,,US,FL,Avon Park,33825,539,73.91.125.177,True,,,en-US,1607783459147-6316528,,277DA007-E83D-44B6-8B47-21BBB9F16530,,,,6316E528-F308-4120-8659-1A3BEF3EABD4,ios,iPhone 11 Pro Max,14.0.1,2020.12.04,v5.4.1,id1506654910,Color Collab - iOS,com.foundryiv.colorcollab,False,,28d,,True,colorcollab/4 CFNetwork/1197 Darwin/20.0.0,,,,srn,,,,phone,,,
8,click,2020-12-11 22:56:52,2020-12-12 00:47:28,2020-12-12 00:50:48,af_purchase,"{""af_currency"":""USD"",""af_content_type"":""subscription"",""af_revenue"":""$4.99"",""af_success"":""True"",""af_price"":""$4.99"",""af_content_id"":""subscription_plus_monthly"",""af_quantity"":""1""}",$4.99,USD,4.99,SDK,,,Facebook Ads,Instagram,,US - Launch Coloring Persona - iOS,23845996371770586,CC - US - Coloring Persona - 7 - iOS,23846031749800586,US - CC - Self-expression - 7 - Artistic Escapism,23846031749790586,,,,,,,,,,,,,,,,,,,,,,,,,,,,US,FL,Gainesville,32605,592,70.171.53.5,True,,,es-US,1607727425809-3636824,,BD6747D5-BA77-4946-8205-A9CBC049C519,,,,BEE36368-CCE2-4FBD-9A3D-51983CC96882,ios,iPhone XS MAX,14.2,2020.12.04,v5.4.1,id1506654910,Color Collab - iOS,com.foundryiv.colorcollab,False,,28d,,True,colorcollab/4 CFNetwork/1206 Darwin/20.1.0,,,,srn,,,,phone,,,
9,click,2020-12-10 21:13:43,2020-12-10 22:23:09,2020-12-12 00:38:46,af_purchase,"{""af_currency"":""USD"",""af_content_type"":""subscription"",""af_revenue"":""$4.99"",""af_success"":""True"",""af_price"":""$4.99"",""af_content_id"":""subscription_plus_monthly"",""af_quantity"":""1""}",$4.99,USD,4.99,SDK,,,Facebook Ads,Instagram,,US - Launch Coloring Persona - iOS,23845996371770586,CC - US - Coloring Persona - 7 - iOS,23846031749800586,US - CC - Self-expression - 7 - Artistic Escapism,23846031749790586,,,,,,,,,,,,,,,,,,,,,,,,,,,,US,GA,Blairsville,30512,524,162.250.128.88,True,,,en-US,1607634835032-8961180,,44CF9212-AD8E-432C-A49B-9FA8502D371F,,,,8961E1A8-0A7A-4E0B-A23F-A33883F8212B,ios,iPhone XR,14.2,2020.12.04,v5.4.1,id1506654910,Color Collab - iOS,com.foundryiv.colorcollab,False,,28d,,True,colorcollab/4 CFNetwork/1206 Darwin/20.1.0,,,,srn,,,,phone,,,
10,click,2020-12-10 19:51:23,2020-12-10 19:52:21,2020-12-10 19:54:24,af_purchase,"{""af_currency"":""USD"",""af_content_type"":""subscription"",""af_revenue"":""$4.99"",""af_success"":""True"",""af_price"":""$4.99"",""af_content_id"":""subscription_plus_monthly"",""af_quantity"":""1""}",$4.99,USD,4.99,SDK,,,Facebook Ads,Instagram,,US - Launch Coloring Persona - iOS,23845996371770586,CC - US - Coloring Persona - 7 - iOS,23846031749800586,US - CC - Self-expression - 7 - Artistic Escapism,23846031749790586,,,,,,,,,,,,,,,,,,,,,,,,,,,,US,OH,Van Wert,45891,509,174.233.159.102,False,,,en-US,1607629899536-3475391,,37874037-8CE5-467E-87EE-45CFC7CCEA47,,,,EA3D4F7F-5391-4D16-9212-CA26745E6D28,ios,iPhone 7,13.5,2020.12.04,v5.4.1,id1506654910,Color Collab - iOS,com.foundryiv.colorcollab,False,,28d,,True,colorcollab/4 CFNetwork/1126 Darwin/19.5.0,,,,srn,,,,phone,,,
11,click,2020-12-10 00:02:57,2020-12-10 19:19:56,2020-12-10 19:44:55,af_purchase,"{""af_currency"":""USD"",""af_content_type"":""subscription"",""af_revenue"":""$4.99"",""af_success"":""True"",""af_price"":""$4.99"",""af_content_id"":""subscription_plus_monthly"",""af_quantity"":""1""}",$4.99,USD,4.99,SDK,,,Facebook Ads,Instagram,,US - Launch Coloring Persona - iOS,23845996371770586,CC - US - Coloring Persona - 7 - iOS,23846031749800586,US - CC - Self-expression - 7 - Artistic Escapism,23846031749790586,,,,,,,,,,,,,,,,,,,,,,,,,,,,US,WA,Tacoma,98433,819,73.97.104.52,True,,,en-US,1607558590970-1230122,,0C8503E0-2EC9-4CE1-8546-9583982539AB,,,,123AB012-2500-4B6D-9046-23DF14152A35,ios,"iPhone12,8",14.1,2020.12.04,v5.4.1,id1506654910,Color Collab - iOS,com.foundryiv.colorcollab,False,,28d,,True,colorcollab/4 CFNetwork/1197 Darwin/20.0.0,,,,srn,,,,phone,,,
12,click,2020-12-10 17:38:22,2020-12-10 17:55:48,2020-12-10 18:53:19,af_purchase,"{""af_currency"":""USD"",""af_content_type"":""subscription"",""af_revenue"":""$4.99"",""af_success"":""True"",""af_price"":""$4.99"",""af_content_id"":""subscription_plus_monthly"",""af_quantity"":""1""}",$4.99,USD,4.99,SDK,,,Facebook Ads,Instagram,,US - Launch Coloring Persona - iOS,23845996371770586,CC - US - Coloring Persona - 7 - iOS,23846031749800586,US - CC - Self-expression - 7 - Artistic Escapism,23846031749790586,,,,,,,,,,,,,,,,,,,,,,,,,,,,US,PA,Clearfield,16830,574,174.203.139.233,False,,,en-US,1607621933457-2469374,,8E06EACC-C4B3-4CC0-B441-AB360555F095,,,,2C46CDBA-93D7-440D-853E-3CB9ADEC9A20,ios,iPhone 11,14.2,2020.12.04,v5.4.1,id1506654910,Color Collab - iOS,com.foundryiv.colorcollab,False,,28d,,True,colorcollab/4 CFNetwork/1206 Darwin/20.1.0,,,,srn,,,,phone,,,
13,click,2020-12-09 17:42:55,2020-12-09 20:50:21,2020-12-10 03:55:13,af_purchase,"{""af_currency"":""USD"",""af_content_type"":""subscription"",""af_revenue"":""$4.99"",""af_success"":""True"",""af_price"":""$4.99"",""af_content_id"":""subscription_plus_monthly"",""af_quantity"":""1""}",$4.99,USD,4.99,SDK,,,Facebook Ads,Instagram,,US - Launch Coloring Persona - iOS,23845996371770586,CC - US - Coloring Persona - 7 - iOS,23846031749800586,US - CC - Self-expression - 7 - Artistic Escapism,23846031749790586,,,,,,,,,,,,,,,,,,,,,,,,,,,,US,KS,Lawrence,66044,616,107.77.210.26,False,,,en-US,1607535799558-0268297,,B4595C8C-6300-4938-B305-EF87B7C3A94C,,,,0A2F6829-B76A-4A70-B9CB-7351E6626ED5,ios,iPhone 8,14.2,2020.12.04,v5.4.1,id1506654910,Color Collab - iOS,com.foundryiv.colorcollab,False,,28d,,True,colorcollab/4 CFNetwork/1206 Darwin/20.1.0,,,,srn,,,,phone,,,
14,click,2020-12-09 20:32:19,2020-12-10 01:37:45,2020-12-10 03:01:01,af_purchase,"{""af_currency"":""USD"",""af_content_type"":""subscription"",""af_revenue"":""$4.99"",""af_success"":""True"",""af_price"":""$4.99"",""af_content_id"":""subscription_plus_monthly"",""af_quantity"":""1""}",$4.99,USD,4.99,SDK,,,Facebook Ads,Instagram,,US - Launch Coloring Persona - iOS,23845996371770586,CC - US - Coloring Persona - 7 - iOS,23846031749800586,US - CC - Self-expression - 7 - Artistic Escapism,23846031749790586,,,,,,,,,,,,,,,,,,,,,,,,,,,,US,TX,Austin,78728,635,172.58.96.91,False,,,en-US,1607545952549-1390321,,2C29B00D-D457-4A9B-A69B-941499FE4B97,,,,139E032C-19A1-4453-86F0-DAFA3F293421,ios,iPhone 11,14.2,2020.12.04,v5.4.1,id1506654910,Color Collab - iOS,com.foundryiv.colorcollab,False,,28d,,True,colorcollab/4 CFNetwork/1206 Darwin/20.1.0,,,,srn,,,,phone,,,
15,click,2020-12-09 23:17:00,2020-12-09 23:50:33,2020-12-09 23:51:47,af_purchase,"{""af_currency"":""USD"",""af_content_type"":""subscription"",""af_revenue"":""0.0"",""af_success"":""False"",""af_price"":""$4.99"",""af_content_id"":""subscription_plus_monthly"",""af_quantity"":""1""}",0.0,USD,0.0,SDK,,,Facebook Ads,Instagram,,US - Launch Coloring Persona - iOS,23845996371770586,CC - US - Coloring Persona - 7 - iOS,23846031749800586,US - CC - Self-expression - 7 - Artistic Escapism,23846031749790586,,,,,,,,,,,,,,,,,,,,,,,,,,,,US,UT,West Jordan,84084,770,98.202.156.211,True,,,en-US,1607555836647-8681384,,27AB62B8-0609-45DC-B56A-F5212912DF32,,,,EE86DE81-3B8E-4FB7-8B91-1CEF0E676D81,ios,iPhone 11,13.7,2020.12.04,v5.4.1,id1506654910,Color Collab - iOS,com.foundryiv.colorcollab,False,,28d,,True,colorcollab/4 CFNetwork/1128.0.1 Darwin/19.6.0,,,,srn,,,,phone,,,
16,click,2020-12-09 09:06:44,2020-12-09 09:12:21,2020-12-09 09:18:21,af_purchase,"{""af_currency"":""USD"",""af_content_type"":""subscription"",""af_revenue"":""0.0"",""af_success"":""False"",""af_price"":""$4.99"",""af_content_id"":""subscription_plus_monthly"",""af_quantity"":""1""}",0.0,USD,0.0,SDK,,,Facebook Ads,Instagram,,US - Launch Coloring Persona - iOS,23845996371770586,CC - US - Coloring Persona - 7 - iOS,23846031749800586,US - CC - Self-expression - 7 - Artistic Escapism,23846031749790586,,,,,,,,,,,,,,,,,,,,,,,,,,,,US,MD,Lutherville Timonium,21093,512,107.77.202.185,False,,,en-US,1607505036336-0264974,,A816670F-128F-450B-A6C5-D41414A66F36,,,,A026C4BE-B9C7-47E1-9E0D-745B8C8E1F62,ios,iPhone 6s Plus,12.3.1,2020.11.27,v5.4.1,id1506654910,Color Collab - iOS,com.foundryiv.colorcollab,False,,28d,,True,colorcollab/1 CFNetwork/978.0.7 Darwin/18.6.0,,,,srn,,,,phone,,,
17,click,2020-12-09 09:06:44,2020-12-09 09:12:21,2020-12-09 09:18:21,af_purchase,"{""af_currency"":""USD"",""af_content_type"":""subscription"",""af_revenue"":""$4.99"",""af_success"":""True"",""af_price"":""$4.99"",""af_content_id"":""subscription_plus_monthly"",""af_quantity"":""1""}",$4.99,USD,4.99,SDK,,,Facebook Ads,Instagram,,US - Launch Coloring Persona - iOS,23845996371770586,CC - US - Coloring Persona - 7 - iOS,23846031749800586,US - CC - Self-expression - 7 - Artistic Escapism,23846031749790586,,,,,,,,,,,,,,,,,,,,,,,,,,,,US,MD,Lutherville Timonium,21093,512,107.77.202.185,False,,,en-US,1607505036336-0264974,,A816670F-128F-450B-A6C5-D41414A66F36,,,,A026C4BE-B9C7-47E1-9E0D-745B8C8E1F62,ios,iPhone 6s Plus,12.3.1,2020.11.27,v5.4.1,id1506654910,Color Collab - iOS,com.foundryiv.colorcollab,False,,28d,,True,colorcollab/1 CFNetwork/978.0.7 Darwin/18.6.0,,,,srn,,,,phone,,,
18,click,2020-12-07 06:17:19,2020-12-07 06:18:33,2020-12-07 06:19:49,af_purchase,"{""af_currency"":""USD"",""af_content_type"":""subscription"",""af_revenue"":""$4.99"",""af_success"":""True"",""af_price"":""$4.99"",""af_content_id"":""subscription_plus_monthly"",""af_quantity"":""1""}",$4.99,USD,4.99,SDK,,,Facebook Ads,Facebook,,US - Launch Coloring Persona - iOS,23845996371770586,CC - US - Coloring Persona - 7 - iOS,23846031749800586,US - CC - Self-expression - 7 - Artistic Escapism,23846031749790586,,,,,,,,,,,,,,,,,,,,,,,,,,,,US,NY,Ballston Spa,12020,532,24.194.249.128,True,,,en-US,1607321872611-7048148,,E44B38FF-4164-4E66-B3A7-5A44F6AE6598,,,,E70481E4-8B89-4881-BE31-2C1CB6DBE254,ios,iPhone XR,13.7,2020.11.27,v5.4.1,id1506654910,Color Collab - iOS,com.foundryiv.colorcollab,False,,28d,,True,colorcollab/1 CFNetwork/1128.0.1 Darwin/19.6.0,,,,srn,,,,phone,,,
19,click,2020-12-06 17:03:43,2020-12-06 17:18:12,2020-12-06 17:19:38,af_purchase,"{""af_currency"":""USD"",""af_content_type"":""subscription"",""af_revenue"":""$4.99"",""af_success"":""True"",""af_price"":""$4.99"",""af_content_id"":""subscription_plus_monthly"",""af_quantity"":""1""}",$4.99,USD,4.99,SDK,,,Facebook Ads,Facebook,,Competition - Tim Hendricks Eagle - iOS,23846275941610586,Competition - Tim Hendricks Eagle - iOS - Copy,23846309296390586,Competition - Tim Hendricks Eagle - iOS - Coloring Persona,23846309296400586,,,,,,,,,,,,,,,,,,,,,,,,,,,,US,VA,Henrico,23294,556,72.84.219.28,True,,,en-US,1607274247166-8923659,,B3850562-E297-4F7E-BAF6-38011BA4914D,,,,892D3659-93D4-4349-A84C-DB19FA63F5FA,ios,iPhone XS,13.7,2020.11.27,v5.4.1,id1506654910,Color Collab - iOS,com.foundryiv.colorcollab,False,,28d,,True,colorcollab/1 CFNetwork/1128.0.1 Darwin/19.6.0,,,,srn,,,,phone,,,
20,click,2020-12-05 17:44:14,2020-12-05 17:44:58,2020-12-05 17:47:06,af_purchase,"{""af_currency"":""USD"",""af_content_type"":""subscription"",""af_revenue"":""$4.99"",""af_success"":""True"",""af_price"":""$4.99"",""af_content_id"":""subscription_plus_monthly"",""af_quantity"":""1""}",$4.99,USD,4.99,SDK,,,Facebook Ads,Facebook,,Competition - Tim Hendricks Eagle - iOS,23846275941610586,Competition - Tim Hendricks Eagle - iOS,23846275941660586,Competition - Tim Hendricks Eagle - iOS,23846275941680586,,,,,,,,,,,,,,,,,,,,,,,,,,,,US,FL,Sarasota,34239,539,96.65.142.161,True,,,en-US,1607190270184-6876201,,D3ED017F-DD48-4ECA-9070-FF5B6BC0BB0D,,,,6C876A2E-019C-4EBA-9434-7E259358CDB2,ios,iPhone 11,14.2,2020.11.27,v5.4.1,id1506654910,Color Collab - iOS,com.foundryiv.colorcollab,False,,28d,,True,colorcollab/1 CFNetwork/1206 Darwin/20.1.0,,,,srn,,,,phone,,,
0,click,2021-01-21 02:41:36,2021-01-21 02:42:11,2021-01-21 02:42:51,af_purchase,"{""af_currency"":""USD"",""af_content_type"":""subscription"",""af_revenue"":""$4.99"",""af_success"":""True"",""af_price"":""$4.99"",""af_content_id"":""subscription_plus_monthly"",""af_quantity"":""1""}",$4.99,USD,4.99,SDK,,,Facebook Ads,Instagram,,US - Launch Coloring Persona - iOS,23845996371770586,CC - US - Coloring Persona - 7 - iOS,23846031749800586,US - CC - Self-expression - 7 - Artistic Escapism,23846031749790586,,,,,,,,,,,,,,,,,,,,,,,,,,,,US,VA,Ft Lee,23801,556,70.33.128.239,True,,,en-US,1611196911607-2767184,,AB2DB67D-373F-42C0-8441-0150B6F1AD53,,,,CB27DCA6-71D8-4C66-8CA9-98D0EDE00470,ios,iPhone XR,13.4.1,2021.01.11,v5.4.1,id1506654910,Color Collab - iOS,com.foundryiv.colorcollab,False,,28d,,True,colorcollab/1 CFNetwork/1125.2 Darwin/19.4.0,,,,srn,,,,phone,,,
1,click,2021-01-18 21:54:05,2021-01-18 21:54:35,2021-01-20 23:05:13,af_purchase,"{""af_currency"":""USD"",""af_content_type"":""subscription"",""af_revenue"":""$4.99"",""af_success"":""True"",""af_price"":""$4.99"",""af_content_id"":""subscription_plus_monthly"",""af_quantity"":""1""}",$4.99,USD,4.99,SDK,,,Facebook Ads,Instagram,,US - Launch Coloring Persona - iOS,23845996371770586,CC - US - Coloring Persona - 7 - iOS,23846031749800586,US - CC - Self-expression - 7 - Artistic Escapism,23846031749790586,instagram_stories,,,,,,,,,,,,,,,,,,,,,,,,,,,US,CA,Modesto,95354,862,73.192.147.154,True,,,en-US,1611006855866-7893311,,EC4C336A-93D5-4E31-AC5A-5FB66AA13FC7,,,,78F9DF33-116B-4461-9642-AA1FB61F1041,ios,iPhone 11 Pro Max,14.3,2021.01.11,v5.4.1,id1506654910,Color Collab - iOS,com.foundryiv.colorcollab,False,,28d,,True,colorcollab/1 CFNetwork/1209 Darwin/20.2.0,,,,srn,,,,phone,,,
2,click,2021-01-11 16:34:47,2021-01-13 20:39:13,2021-01-20 07:06:56,af_purchase,"{""af_currency"":""USD"",""af_content_type"":""subscription"",""af_revenue"":""0.0"",""af_success"":""False"",""af_price"":""$4.99"",""af_content_id"":""subscription_plus_monthly"",""af_quantity"":""1""}",0.0,USD,0.0,SDK,,,Facebook Ads,Instagram,,US - Launch Coloring Persona - iOS,23845996371770586,CC - US - Coloring Persona - 7 - iOS,23846031749800586,US - CC - Self-expression - 7 - Artistic Escapism,23846031749790586,,,,,,,,,,,,,,,,,,,,,,,,,,,,US,NJ,Trenton,8638,504,173.72.50.120,True,,,en-US,1610382911098-8581195,,C077E8AB-3267-4826-B919-6390D3ADDDA8,,,,B8581195-06AF-496B-AD12-DDF32DB5E7C8,ios,iPhone 11 Pro,14.3,2021.01.11,v5.4.1,id1506654910,Color Collab - iOS,com.foundryiv.colorcollab,False,,28d,,True,colorcollab/1 CFNetwork/1209 Darwin/20.2.0,,,,srn,,,,phone,,,
3,click,2021-01-13 16:13:52,2021-01-13 17:17:15,2021-01-18 23:40:01,af_purchase,"{""af_currency"":""USD"",""af_content_type"":""subscription"",""af_revenue"":""$4.99"",""af_success"":""True"",""af_price"":""$4.99"",""af_content_id"":""subscription_plus_monthly"",""af_quantity"":""1""}",$4.99,USD,4.99,SDK,,,Facebook Ads,Instagram,,US - Launch Coloring Persona - iOS,23845996371770586,CC - US - Coloring Persona - 7 - iOS,23846031749800586,US - CC - Self-expression - 7 - Artistic Escapism,23846031749790586,,,,,,,,,,,,,,,,,,,,,,,,,,,,US,GA,Riverdale,30274,524,172.58.3.86,False,,,en-US,1610554449422-3783314,,6D244BAE-5AC1-4891-B9EB-ADD678C93355,,,,378EE3FB-31D4-4DF6-90F2-FFEECC9BAF6B,ios,"iPhone13,2",14.2,2021.01.11,v5.4.1,id1506654910,Color Collab - iOS,com.foundryiv.colorcollab,False,,28d,,True,colorcollab/1 CFNetwork/1206 Darwin/20.1.0,,,,srn,,,,phone,,,
4,click,2021-01-13 16:13:52,2021-01-13 17:17:15,2021-01-18 22:30:17,af_purchase,"{""af_currency"":""USD"",""af_content_type"":""subscription"",""af_revenue"":""0.0"",""af_success"":""False"",""af_price"":""$4.99"",""af_content_id"":""subscription_plus_monthly"",""af_quantity"":""1""}",0.0,USD,0.0,SDK,,,Facebook Ads,Instagram,,US - Launch Coloring Persona - iOS,23845996371770586,CC - US - Coloring Persona - 7 - iOS,23846031749800586,US - CC - Self-expression - 7 - Artistic Escapism,23846031749790586,,,,,,,,,,,,,,,,,,,,,,,,,,,,US,GA,Cartersville,30120,524,172.58.6.194,False,,,en-US,1610554449422-3783314,,6D244BAE-5AC1-4891-B9EB-ADD678C93355,,,,378EE3FB-31D4-4DF6-90F2-FFEECC9BAF6B,ios,"iPhone13,2",14.2,2020.12.21,v5.4.1,id1506654910,Color Collab - iOS,com.foundryiv.colorcollab,False,,28d,,True,colorcollab/3 CFNetwork/1206 Darwin/20.1.0,,,,srn,,,,phone,,,
5,click,2021-01-13 16:13:52,2021-01-13 17:17:15,2021-01-18 22:29:20,af_purchase,"{""af_currency"":""USD"",""af_content_type"":""subscription"",""af_revenue"":""0.0"",""af_success"":""False"",""af_price"":""$4.99"",""af_content_id"":""subscription_plus_monthly"",""af_quantity"":""1""}",0.0,USD,0.0,SDK,,,Facebook Ads,Instagram,,US - Launch Coloring Persona - iOS,23845996371770586,CC - US - Coloring Persona - 7 - iOS,23846031749800586,US - CC - Self-expression - 7 - Artistic Escapism,23846031749790586,,,,,,,,,,,,,,,,,,,,,,,,,,,,US,GA,Cartersville,30120,524,172.58.6.194,False,,,en-US,1610554449422-3783314,,6D244BAE-5AC1-4891-B9EB-ADD678C93355,,,,378EE3FB-31D4-4DF6-90F2-FFEECC9BAF6B,ios,"iPhone13,2",14.2,2020.12.21,v5.4.1,id1506654910,Color Collab - iOS,com.foundryiv.colorcollab,False,,28d,,True,colorcollab/3 CFNetwork/1206 Darwin/20.1.0,,,,srn,,,,phone,,,
6,click,2021-01-13 16:13:52,2021-01-13 17:17:15,2021-01-18 22:26:33,af_purchase,"{""af_currency"":""USD"",""af_content_type"":""subscription"",""af_revenue"":""0.0"",""af_success"":""False"",""af_price"":""$4.99"",""af_content_id"":""subscription_plus_monthly"",""af_quantity"":""1""}",0.0,USD,0.0,SDK,,,Facebook Ads,Instagram,,US - Launch Coloring Persona - iOS,23845996371770586,CC - US - Coloring Persona - 7 - iOS,23846031749800586,US - CC - Self-expression - 7 - Artistic Escapism,23846031749790586,,,,,,,,,,,,,,,,,,,,,,,,,,,,US,GA,Cartersville,30120,524,172.58.6.194,False,,,en-US,1610554449422-3783314,,6D244BAE-5AC1-4891-B9EB-ADD678C93355,,,,378EE3FB-31D4-4DF6-90F2-FFEECC9BAF6B,ios,"iPhone13,2",14.2,2020.12.21,v5.4.1,id1506654910,Color Collab - iOS,com.foundryiv.colorcollab,False,,28d,,True,colorcollab/3 CFNetwork/1206 Darwin/20.1.0,,,,srn,,,,phone,,,
7,click,2021-01-15 20:38:20,2021-01-18 21:03:24,2021-01-18 21:05:00,af_purchase,"{""af_currency"":""USD"",""af_content_type"":""subscription"",""af_revenue"":""$4.99"",""af_success"":""True"",""af_price"":""$4.99"",""af_content_id"":""subscription_plus_monthly"",""af_quantity"":""1""}",$4.99,USD,4.99,SDK,,,Facebook Ads,Instagram,,US - Launch Coloring Persona - iOS,23845996371770586,CC - US - Coloring Persona - 7 - iOS,23846031749800586,US - CC - Self-expression - 7 - Artistic Escapism,23846031749790586,,,,,,,,,,,,,,,,,,,,,,,,,,,,US,AZ,Tucson,85705,789,24.251.133.133,True,,,en-US,1610743125285-9840481,,CCFC1872-6153-4EA5-803D-9B9A3534B20B,,,,984A048B-1A7E-4267-8366-AC651D25324E,ios,iPhone XS,13.7,2021.01.11,v5.4.1,id1506654910,Color Collab - iOS,com.foundryiv.colorcollab,False,,28d,,True,colorcollab/1 CFNetwork/1128.0.1 Darwin/19.6.0,,,,srn,,,,phone,,,
8,click,2021-01-18 19:35:10,2021-01-18 19:35:51,2021-01-18 19:38:29,af_purchase,"{""af_currency"":""USD"",""af_content_type"":""subscription"",""af_revenue"":""$4.99"",""af_success"":""True"",""af_price"":""$4.99"",""af_content_id"":""subscription_plus_monthly"",""af_quantity"":""1""}",$4.99,USD,4.99,SDK,,,Facebook Ads,Instagram,,US - Launch Coloring Persona - iOS,23845996371770586,CC - US - Coloring Persona - 7 - iOS,23846031749800586,US - CC - Self-expression - 7 - Artistic Escapism,23846031749790586,instagram_stories,,,,,,,,,,,,,,,,,,,,,,,,,,,US,NJ,Sewell,8080,504,173.61.93.47,True,,,en-US,1610998535536-7301994,,1B01331C-6824-4BA4-975C-EF70E55653A5,,,,7B3CD019-D9AE-47F5-948B-EC28F797A394,ios,iPhone 11,14.3,2021.01.11,v5.4.1,id1506654910,Color Collab - iOS,com.foundryiv.colorcollab,False,,28d,,True,colorcollab/1 CFNetwork/1209 Darwin/20.2.0,,,,srn,,,,phone,,,
9,click,2021-01-18 16:14:34,2021-01-18 16:17:56,2021-01-18 16:20:42,af_purchase,"{""af_currency"":""USD"",""af_content_type"":""subscription"",""af_revenue"":""$4.99"",""af_success"":""True"",""af_price"":""$4.99"",""af_content_id"":""subscription_plus_monthly"",""af_quantity"":""1""}",$4.99,USD,4.99,SDK,,,Facebook Ads,Instagram,,US - Launch Coloring Persona - iOS,23845996371770586,CC - US - Coloring Persona - 7 - iOS,23846031749800586,US - CC - Self-expression - 7 - Artistic Escapism,23846031749790586,,,,,,,,,,,,,,,,,,,,,,,,,,,,US,KY,Williamstown,41097,515,50.5.167.32,True,,,en-US,1610986494401-7289055,,21234BE7-EC30-449F-9FA2-CE61F30FF834,,,,7FF28905-5063-49AB-9004-360096A7B80F,ios,iPhone XR,14.3,2021.01.11,v5.4.1,id1506654910,Color Collab - iOS,com.foundryiv.colorcollab,False,,28d,,True,colorcollab/1 CFNetwork/1209 Darwin/20.2.0,,,,srn,,,,phone,,,
10,click,2021-01-16 20:26:44,2021-01-16 20:31:57,2021-01-18 01:57:04,af_purchase,"{""af_currency"":""USD"",""af_content_type"":""subscription"",""af_revenue"":""0.0"",""af_success"":""False"",""af_price"":""$59.99"",""af_content_id"":""subscription_plus_yearly"",""af_quantity"":""1""}",0.0,USD,0.0,SDK,,,Facebook Ads,Instagram,,US - Launch Coloring Persona - iOS,23845996371770586,CC - US - Coloring Persona - 7 - iOS,23846031749800586,US - CC - Self-expression - 7 - Artistic Escapism,23846031749790586,instagram_stories,,,,,,,,,,,,,,,,,,,,,,,,,,,US,MT,Billings,59105,756,72.175.119.224,True,,,en-US,1610828932861-7694360,,B9780297-1B41-4ADA-BF5B-6CAB46D8B369,,,,7F69B43A-6084-4FC1-843E-F04B36EAE809,ios,iPhone 8,14.1,2021.01.11,v5.4.1,id1506654910,Color Collab - iOS,com.foundryiv.colorcollab,False,,28d,,True,colorcollab/1 CFNetwork/1197 Darwin/20.0.0,,,,srn,,,,phone,,,
11,click,2021-01-16 08:44:49,2021-01-16 17:41:14,2021-01-17 16:10:39,af_purchase,"{""af_currency"":""USD"",""af_content_type"":""subscription"",""af_revenue"":""$4.99"",""af_success"":""True"",""af_price"":""$4.99"",""af_content_id"":""subscription_plus_monthly"",""af_quantity"":""1""}",$4.99,USD,4.99,SDK,,,Facebook Ads,Instagram,,US - Launch Coloring Persona - iOS,23845996371770586,CC - US - Coloring Persona - 7 - iOS,23846031749800586,US - CC - Self-expression - 7 - Artistic Escapism,23846031749790586,,,,,,,,,,,,,,,,,,,,,,,,,,,,US,CA,Rosamond,93560,803,12.165.252.33,True,,,en-US,1610786705173-2668551,,18BCC8FE-2D9E-4DC7-BCAB-5A9A9B13D311,,,,2B668551-C39E-4E4C-B753-5D9DA5189F10,ios,"iPad11,6",14.3,2021.01.11,v5.4.1,id1506654910,Color Collab - iOS,com.foundryiv.colorcollab,False,,28d,,True,colorcollab/1 CFNetwork/1209 Darwin/20.2.0,,,,srn,,,,tablet,,,
12,click,2021-01-07 18:21:34,2021-01-07 18:26:39,2021-01-17 15:59:41,af_purchase,"{""af_currency"":""USD"",""af_content_type"":""subscription"",""af_revenue"":""$4.99"",""af_success"":""True"",""af_price"":""$4.99"",""af_content_id"":""subscription_plus_monthly"",""af_quantity"":""1""}",$4.99,USD,4.99,SDK,,,Facebook Ads,Facebook,,US - Launch Coloring Persona - iOS,23845996371770586,CC - US - Coloring Persona - 7 - iOS,23846031749800586,US - CC - Self-expression - 7 - Artistic Escapism,23846031749790586,,,,,,,,,,,,,,,,,,,,,,,,,,,,US,MI,Flint,48503,513,174.247.223.38,False,,,en-US,1610043712568-0363994,,1F607A06-6EE7-4958-8FAA-20073530DEF0,,,,03FA63FC-9CC9-4D66-84C0-8C062D294321,ios,iPhone 7 Plus,14.2,2021.01.11,v5.4.1,id1506654910,Color Collab - iOS,com.foundryiv.colorcollab,False,,28d,,True,colorcollab/1 CFNetwork/1206 Darwin/20.1.0,,,,srn,,,,phone,,,
13,click,2021-01-14 23:08:48,2021-01-15 18:03:45,2021-01-16 19:57:46,af_purchase,"{""af_currency"":""USD"",""af_content_type"":""subscription"",""af_revenue"":""$4.99"",""af_success"":""True"",""af_price"":""$4.99"",""af_content_id"":""subscription_plus_monthly"",""af_quantity"":""1""}",$4.99,USD,4.99,SDK,,,Facebook Ads,Instagram,,US - Launch Coloring Persona - iOS,23845996371770586,CC - US - Coloring Persona - 7 - iOS,23846031749800586,US - CC - Self-expression - 7 - Artistic Escapism,23846031749790586,,,,,,,,,,,,,,,,,,,,,,,,,,,,US,TX,Ovalo,79541,662,147.160.234.195,True,,,en-US,1610665791920-2405286,,0E61AAA8-1594-44D1-82D9-7872A55A7540,,,,EAF240AC-5286-4C69-BFC9-787B3AA9DB52,ios,iPhone 11 Pro,14.2,2021.01.11,v5.4.1,id1506654910,Color Collab - iOS,com.foundryiv.colorcollab,False,,28d,,True,colorcollab/1 CFNetwork/1206 Darwin/20.1.0,,,,srn,,,,phone,,,
14,click,2021-01-16 17:55:45,2021-01-16 17:56:46,2021-01-16 17:58:36,af_purchase,"{""af_currency"":""USD"",""af_content_type"":""subscription"",""af_revenue"":""$4.99"",""af_success"":""True"",""af_price"":""$4.99"",""af_content_id"":""subscription_plus_monthly"",""af_quantity"":""1""}",$4.99,USD,4.99,SDK,,,Facebook Ads,Instagram,,US - Launch Coloring Persona - iOS,23845996371770586,CC - US - Coloring Persona - 7 - iOS,23846031749800586,US - CC - Self-expression - 7 - Artistic Escapism,23846031749790586,instagram_stories,,,,,,,,,,,,,,,,,,,,,,,,,,,US,RI,Woonsocket,2895,521,68.228.154.80,True,,,en-US,1610819761162-5018797,,0176F393-F33C-4AD6-9B15-C6947D5D69B3,,,,5A0187FA-9F71-4B5C-923E-5DC885654E1C,ios,iPhone 11,14.3,2021.01.11,v5.4.1,id1506654910,Color Collab - iOS,com.foundryiv.colorcollab,False,,28d,,True,colorcollab/1 CFNetwork/1209 Darwin/20.2.0,,,,srn,,,,phone,,,
15,click,2021-01-16 15:29:39,2021-01-16 15:37:45,2021-01-16 15:41:22,af_purchase,"{""af_currency"":""USD"",""af_content_type"":""subscription"",""af_revenue"":""$4.99"",""af_success"":""True"",""af_price"":""$4.99"",""af_content_id"":""subscription_plus_monthly"",""af_quantity"":""1""}",$4.99,USD,4.99,SDK,,,Facebook Ads,Instagram,,US - Launch Coloring Persona - iOS,23845996371770586,CC - US - Coloring Persona - 7 - iOS,23846031749800586,US - CC - Self-expression - 7 - Artistic Escapism,23846031749790586,,,,,,,,,,,,,,,,,,,,,,,,,,,,US,FL,Hialeah,33010,528,172.58.11.56,False,,,en-US,1610810994006-2850678,,C76BF3C2-E1B4-41E7-B3FC-A37569077EBD,,,,BA28BC50-6D78-470E-BC4C-FC313E7A0D03,ios,iPhone 11,14.3,2021.01.11,v5.4.1,id1506654910,Color Collab - iOS,com.foundryiv.colorcollab,False,,28d,,True,colorcollab/1 CFNetwork/1209 Darwin/20.2.0,,,,srn,,,,phone,,,
16,click,2021-01-15 19:14:35,2021-01-15 19:57:19,2021-01-15 19:59:10,af_purchase,"{""af_currency"":""USD"",""af_content_type"":""subscription"",""af_revenue"":""$4.99"",""af_success"":""True"",""af_price"":""$4.99"",""af_content_id"":""subscription_plus_monthly"",""af_quantity"":""1""}",$4.99,USD,4.99,SDK,,,Facebook Ads,Instagram,,US - Launch Coloring Persona - iOS,23845996371770586,CC - US - Coloring Persona - 7 - iOS,23846031749800586,US - CC - Self-expression - 7 - Artistic Escapism,23846031749790586,,,,,,,,,,,,,,,,,,,,,,,,,,,,US,WV,Shepherdstown,25443,511,73.191.125.227,True,,,en-US,1610738094565-6741805,,5CAC8CC1-E7E6-4F29-B7DD-99CD40B1DCFD,,,,EE6CDFEE-A7CC-4B1D-80B5-F13C004D23F5,ios,iPhone 11,14.3,2021.01.11,v5.4.1,id1506654910,Color Collab - iOS,com.foundryiv.colorcollab,False,,28d,,True,colorcollab/1 CFNetwork/1209 Darwin/20.2.0,,,,srn,,,,phone,,,
17,click,2021-01-11 23:09:17,2021-01-11 23:10:20,2021-01-15 03:37:41,af_purchase,"{""af_currency"":""USD"",""af_content_type"":""subscription"",""af_revenue"":""$4.99"",""af_success"":""True"",""af_price"":""$4.99"",""af_content_id"":""subscription_plus_monthly"",""af_quantity"":""1""}",$4.99,USD,4.99,SDK,,,Facebook Ads,Instagram,,US - Launch Coloring Persona - iOS,23845996371770586,CC - US - Coloring Persona - 7 - iOS,23846031749800586,US - CC - Self-expression - 7 - Artistic Escapism,23846031749790586,,,,,,,,,,,,,,,,,,,,,,,,,,,,US,AL,Northport,35476,630,174.223.2.105,False,,,en-US,1610406585851-0923730,,9CA221DA-07A2-4961-81FF-D1C472066132,,,,D0923730-C099-4CA2-9CBC-CA1928A995B1,ios,"iPhone13,4",14.2.1,2020.12.21,v5.4.1,id1506654910,Color Collab - iOS,com.foundryiv.colorcollab,False,,28d,,True,colorcollab/3 CFNetwork/1206 Darwin/20.1.0,,,,srn,,,,phone,,,
18,click,2021-01-14 03:27:28,2021-01-14 03:29:37,2021-01-14 03:31:42,af_purchase,"{""af_currency"":""USD"",""af_content_type"":""subscription"",""af_revenue"":""$4.99"",""af_success"":""True"",""af_price"":""$4.99"",""af_content_id"":""subscription_plus_monthly"",""af_quantity"":""1""}",$4.99,USD,4.99,SDK,,,Facebook Ads,Instagram,,US - Launch Coloring Persona - iOS,23845996371770586,CC - US - Coloring Persona - 7 - iOS,23846031749800586,US - CC - Self-expression - 7 - Artistic Escapism,23846031749790586,,,,,,,,,,,,,,,,,,,,,,,,,,,,US,MS,Jackson,39202,718,73.2.241.137,True,,,en-US,1610594875364-0138967,,6B3B5DB3-4031-425E-9152-D591E28E00EF,,,,01FD3896-7575-409F-8985-BA78BD09194D,ios,iPhone 6s,14.2,2020.12.21,v5.4.1,id1506654910,Color Collab - iOS,com.foundryiv.colorcollab,False,,28d,,True,colorcollab/3 CFNetwork/1206 Darwin/20.1.0,,,,srn,,,,phone,,,
19,click,2021-01-13 20:12:28,2021-01-13 20:18:49,2021-01-13 23:32:20,af_purchase,"{""af_currency"":""USD"",""af_content_type"":""subscription"",""af_revenue"":""$4.99"",""af_success"":""True"",""af_price"":""$4.99"",""af_content_id"":""subscription_plus_monthly"",""af_quantity"":""1""}",$4.99,USD,4.99,SDK,,,Facebook Ads,Instagram,,US - Launch Coloring Persona - iOS,23845996371770586,CC - US - Coloring Persona - 7 - iOS,23846031749800586,US - CC - Self-expression - 7 - Artistic Escapism,23846031749790586,,,,,,,,,,,,,,,,,,,,,,,,,,,,US,NY,New York,10033,501,24.104.248.63,True,,,en-US,1610568920264-4084882,,5DEA1103-D9BE-4D7A-968C-A706C07DC629,,,,4B0E848C-8BC2-4887-BFD0-FCE180C15017,ios,iPhone 11 Pro Max,14.3,2020.12.21,v5.4.1,id1506654910,Color Collab - iOS,com.foundryiv.colorcollab,False,,28d,,True,colorcollab/3 CFNetwork/1209 Darwin/20.2.0,,,,srn,,,,phone,,,
20,click,2021-01-13 19:41:17,2021-01-13 19:42:12,2021-01-13 21:55:20,af_purchase,"{""af_currency"":""USD"",""af_content_type"":""subscription"",""af_revenue"":""$4.99"",""af_success"":""True"",""af_price"":""$4.99"",""af_content_id"":""subscription_plus_monthly"",""af_quantity"":""1""}",$4.99,USD,4.99,SDK,,,Facebook Ads,Instagram,,US - Launch Coloring Persona - iOS,23845996371770586,CC - US - Coloring Persona - 7 - iOS,23846031749800586,US - CC - Self-expression - 7 - Artistic Escapism,23846031749790586,,,,,,,,,,,,,,,,,,,,,,,,,,,,US,IL,Chicago,60618,602,172.58.143.233,False,,,en-US,1610566893347-6669294,,E6644DF7-6586-41AE-B019-2D95F7626ABC,,,,6E6E6929-A41D-46A1-81A9-71BA7F45201E,ios,iPhone 11 Pro,14.2,2020.12.21,v5.4.1,id1506654910,Color Collab - iOS,com.foundryiv.colorcollab,False,,28d,,True,colorcollab/3 CFNetwork/1206 Darwin/20.1.0,,,,srn,,,,phone,,,
21,click,2021-01-13 19:41:17,2021-01-13 19:42:12,2021-01-13 21:55:09,af_purchase,"{""af_currency"":""USD"",""af_content_type"":""subscription"",""af_revenue"":""0.0"",""af_success"":""False"",""af_price"":""$4.99"",""af_content_id"":""subscription_plus_monthly"",""af_quantity"":""1""}",0.0,USD,0.0,SDK,,,Facebook Ads,Instagram,,US - Launch Coloring Persona - iOS,23845996371770586,CC - US - Coloring Persona - 7 - iOS,23846031749800586,US - CC - Self-expression - 7 - Artistic Escapism,23846031749790586,,,,,,,,,,,,,,,,,,,,,,,,,,,,US,IL,Chicago,60618,602,172.58.143.233,False,,,en-US,1610566893347-6669294,,E6644DF7-6586-41AE-B019-2D95F7626ABC,,,,6E6E6929-A41D-46A1-81A9-71BA7F45201E,ios,iPhone 11 Pro,14.2,2020.12.21,v5.4.1,id1506654910,Color Collab - iOS,com.foundryiv.colorcollab,False,,28d,,True,colorcollab/3 CFNetwork/1206 Darwin/20.1.0,,,,srn,,,,phone,,,
22,click,2021-01-12 23:15:45,2021-01-12 23:16:49,2021-01-12 23:39:00,af_purchase,"{""af_currency"":""USD"",""af_content_type"":""subscription"",""af_revenue"":""$4.99"",""af_success"":""True"",""af_price"":""$4.99"",""af_content_id"":""subscription_plus_monthly"",""af_quantity"":""1""}",$4.99,USD,4.99,SDK,,,Facebook Ads,Instagram,,US - Launch Coloring Persona - iOS,23845996371770586,CC - US - Coloring Persona - 7 - iOS,23846031749800586,US - CC - Self-expression - 7 - Artistic Escapism,23846031749790586,instagram_stories,,,,,,,,,,,,,,,,,,,,,,,,,,,US,CT,Norwich,6360,533,174.255.65.87,False,,,en-US,1610493373391-2020560,,710DF858-15B7-4813-801C-38F1CE287A07,,,,E202E0EC-5605-461D-8210-FBFAAC030C9E,ios,iPhone 7 Plus,14.2,2020.12.21,v5.4.1,id1506654910,Color Collab - iOS,com.foundryiv.colorcollab,False,,28d,,True,colorcollab/3 CFNetwork/1206 Darwin/20.1.0,,,,srn,,,,phone,,,
23,click,2021-01-11 22:17:17,2021-01-11 22:20:21,2021-01-12 19:41:11,af_purchase,"{""af_currency"":""USD"",""af_content_type"":""subscription"",""af_revenue"":""$4.99"",""af_success"":""True"",""af_price"":""$4.99"",""af_content_id"":""subscription_plus_monthly"",""af_quantity"":""1""}",$4.99,USD,4.99,SDK,,,Facebook Ads,Instagram,,US - Launch Coloring Persona - iOS,23845996371770586,CC - US - Coloring Persona - 7 - iOS,23846031749800586,US - CC - Self-expression - 7 - Artistic Escapism,23846031749790586,,,,,,,,,,,,,,,,,,,,,,,,,,,,US,NY,Oswego,13126,555,68.172.54.25,True,,,en-US,1610403528892-9418446,,465E363F-00E7-492B-B7C5-A237D4815A13,,,,9CB41BDE-8DF4-4E6C-95DE-A608B48EB650,ios,"iPhone13,2",14.3,2020.12.21,v5.4.1,id1506654910,Color Collab - iOS,com.foundryiv.colorcollab,False,,28d,,True,colorcollab/3 CFNetwork/1209 Darwin/20.2.0,,,,srn,,,,phone,,,
24,click,2021-01-07 05:29:20,2021-01-11 03:29:32,2021-01-11 04:51:22,af_purchase,"{""af_currency"":""USD"",""af_content_type"":""subscription"",""af_revenue"":""$4.99"",""af_success"":""True"",""af_price"":""$4.99"",""af_content_id"":""subscription_plus_monthly"",""af_quantity"":""1""}",$4.99,USD,4.99,SDK,,,Facebook Ads,Instagram,,US - Launch Coloring Persona - iOS,23845996371770586,CC - US - Coloring Persona - 7 - iOS,23846031749800586,US - CC - Self-expression - 7 - Artistic Escapism,23846031749790586,,,,,,,,,,,,,,,,,,,,,,,,,,,,US,NY,Pittsford,14534,538,98.10.105.104,True,,,en-US,1609997379675-7184084,,C1C4CAA9-34C5-41E5-B1C7-199D52208803,,,,F7184F08-B484-4A85-8393-77C04776F4FE,ios,"iPhone13,4",14.3,2020.12.21,v5.4.1,id1506654910,Color Collab - iOS,com.foundryiv.colorcollab,False,,28d,,True,colorcollab/3 CFNetwork/1209 Darwin/20.2.0,,,,srn,,,,phone,,,
25,click,2021-01-03 16:40:44,2021-01-03 16:41:13,2021-01-10 20:45:04,af_purchase,"{""af_currency"":""USD"",""af_content_type"":""subscription"",""af_revenue"":""0.0"",""af_success"":""False"",""af_price"":""$4.99"",""af_content_id"":""subscription_plus_monthly"",""af_quantity"":""1""}",0.0,USD,0.0,SDK,,,Facebook Ads,Instagram,,US - Launch Coloring Persona - iOS,23845996371770586,CC - US - Coloring Persona - 7 - iOS,23846031749800586,US - CC - Self-expression - 7 - Artistic Escapism,23846031749790586,,,,,,,,,,,,,,,,,,,,,,,,,,,,US,FL,Ft Myers,33966,571,134.56.124.108,True,,,en-US,1609692061058-5835546,,E9A9CAF5-BE36-4293-9A3B-A527695D9CF9,,,,FF583A55-4E6C-4A92-94C0-F62E882BCC2C,ios,iPhone 11,14.3,2020.12.21,v5.4.1,id1506654910,Color Collab - iOS,com.foundryiv.colorcollab,False,,28d,,True,colorcollab/3 CFNetwork/1209 Darwin/20.2.0,,,,srn,,,,phone,,,
26,click,2021-01-09 16:39:04,2021-01-09 16:39:39,2021-01-09 19:25:46,af_purchase,"{""af_currency"":""USD"",""af_content_type"":""subscription"",""af_revenue"":""$4.99"",""af_success"":""True"",""af_price"":""$4.99"",""af_content_id"":""subscription_plus_monthly"",""af_quantity"":""1""}",$4.99,USD,4.99,SDK,,,Facebook Ads,Facebook,,US - Launch Coloring Persona - iOS,23845996371770586,CC - US - Coloring Persona - 7 - iOS,23846031749800586,US - CC - Self-expression - 7 - Artistic Escapism,23846031749790586,,,,,,,,,,,,,,,,,,,,,,,,,,,,US,TX,San Antonio,78201,641,107.77.219.140,False,,,en-US,1610210359938-3966429,,829AA57D-5494-4E05-BBA1-BFA8749F54FE,,,,F3EF9D6F-ECE6-4D2E-9484-283E15113A5F,ios,iPhone 11,14.2,2020.12.21,v5.4.1,id1506654910,Color Collab - iOS,com.foundryiv.colorcollab,False,,28d,,True,colorcollab/3 CFNetwork/1206 Darwin/20.1.0,,,,srn,,,,phone,,,
27,click,2021-01-01 08:14:32,2021-01-01 08:16:45,2021-01-09 18:28:45,af_purchase,"{""af_currency"":""USD"",""af_content_type"":""subscription"",""af_revenue"":""0.0"",""af_success"":""False"",""af_price"":""$59.99"",""af_content_id"":""subscription_plus_yearly"",""af_quantity"":""1""}",0.0,USD,0.0,SDK,,,Facebook Ads,Instagram,,US - Launch Coloring Persona - iOS,23845996371770586,CC - US - Coloring Persona - 7 - iOS,23846031749800586,US - CC - Self-expression - 7 - Artistic Escapism,23846031749790586,,,,,,,,,,,,,,,,,,,,,,,,,,,,US,TN,Jefferson City,37760,557,172.58.86.254,False,,,en-US,1609488887252-3736480,,36FDB11B-12B1-43CB-9484-623396827A4F,,,,3AA73CC6-48F0-452C-AF7F-282FEB75B3C9,ios,iPhone XR,14.3,2020.12.21,v5.4.1,id1506654910,Color Collab - iOS,com.foundryiv.colorcollab,False,,28d,,True,colorcollab/3 CFNetwork/1209 Darwin/20.2.0,,,,srn,,,,phone,,,
28,click,2021-01-01 08:14:32,2021-01-01 08:16:45,2021-01-09 18:28:16,af_purchase,"{""af_currency"":""USD"",""af_content_type"":""subscription"",""af_revenue"":""0.0"",""af_success"":""False"",""af_price"":""$4.99"",""af_content_id"":""subscription_plus_monthly"",""af_quantity"":""1""}",0.0,USD,0.0,SDK,,,Facebook Ads,Instagram,,US - Launch Coloring Persona - iOS,23845996371770586,CC - US - Coloring Persona - 7 - iOS,23846031749800586,US - CC - Self-expression - 7 - Artistic Escapism,23846031749790586,,,,,,,,,,,,,,,,,,,,,,,,,,,,US,TN,Jefferson City,37760,557,172.58.86.254,False,,,en-US,1609488887252-3736480,,36FDB11B-12B1-43CB-9484-623396827A4F,,,,3AA73CC6-48F0-452C-AF7F-282FEB75B3C9,ios,iPhone XR,14.3,2020.12.21,v5.4.1,id1506654910,Color Collab - iOS,com.foundryiv.colorcollab,False,,28d,,True,colorcollab/3 CFNetwork/1209 Darwin/20.2.0,,,,srn,,,,phone,,,
29,click,2021-01-01 08:14:32,2021-01-01 08:16:45,2021-01-09 18:28:04,af_purchase,"{""af_currency"":""USD"",""af_content_type"":""subscription"",""af_revenue"":""0.0"",""af_success"":""False"",""af_price"":""$4.99"",""af_content_id"":""subscription_plus_monthly"",""af_quantity"":""1""}",0.0,USD,0.0,SDK,,,Facebook Ads,Instagram,,US - Launch Coloring Persona - iOS,23845996371770586,CC - US - Coloring Persona - 7 - iOS,23846031749800586,US - CC - Self-expression - 7 - Artistic Escapism,23846031749790586,,,,,,,,,,,,,,,,,,,,,,,,,,,,US,TN,Jefferson City,37760,557,172.58.86.254,False,,,en-US,1609488887252-3736480,,36FDB11B-12B1-43CB-9484-623396827A4F,,,,3AA73CC6-48F0-452C-AF7F-282FEB75B3C9,ios,iPhone XR,14.3,2020.12.21,v5.4.1,id1506654910,Color Collab - iOS,com.foundryiv.colorcollab,False,,28d,,True,colorcollab/3 CFNetwork/1209 Darwin/20.2.0,,,,srn,,,,phone,,,
30,click,2021-01-01 08:14:32,2021-01-01 08:16:45,2021-01-09 18:27:42,af_purchase,"{""af_currency"":""USD"",""af_content_type"":""subscription"",""af_revenue"":""0.0"",""af_success"":""False"",""af_price"":""$4.99"",""af_content_id"":""subscription_plus_monthly"",""af_quantity"":""1""}",0.0,USD,0.0,SDK,,,Facebook Ads,Instagram,,US - Launch Coloring Persona - iOS,23845996371770586,CC - US - Coloring Persona - 7 - iOS,23846031749800586,US - CC - Self-expression - 7 - Artistic Escapism,23846031749790586,,,,,,,,,,,,,,,,,,,,,,,,,,,,US,TN,Jefferson City,37760,557,172.58.86.254,False,,,en-US,1609488887252-3736480,,36FDB11B-12B1-43CB-9484-623396827A4F,,,,3AA73CC6-48F0-452C-AF7F-282FEB75B3C9,ios,iPhone XR,14.3,2020.12.21,v5.4.1,id1506654910,Color Collab - iOS,com.foundryiv.colorcollab,False,,28d,,True,colorcollab/3 CFNetwork/1209 Darwin/20.2.0,,,,srn,,,,phone,,,
31,click,2021-01-01 08:14:32,2021-01-01 08:16:45,2021-01-09 18:27:34,af_purchase,"{""af_currency"":""USD"",""af_content_type"":""subscription"",""af_revenue"":""0.0"",""af_success"":""False"",""af_price"":""$59.99"",""af_content_id"":""subscription_plus_yearly"",""af_quantity"":""1""}",0.0,USD,0.0,SDK,,,Facebook Ads,Instagram,,US - Launch Coloring Persona - iOS,23845996371770586,CC - US - Coloring Persona - 7 - iOS,23846031749800586,US - CC - Self-expression - 7 - Artistic Escapism,23846031749790586,,,,,,,,,,,,,,,,,,,,,,,,,,,,US,TN,Jefferson City,37760,557,172.58.86.254,False,,,en-US,1609488887252-3736480,,36FDB11B-12B1-43CB-9484-623396827A4F,,,,3AA73CC6-48F0-452C-AF7F-282FEB75B3C9,ios,iPhone XR,14.3,2020.12.21,v5.4.1,id1506654910,Color Collab - iOS,com.foundryiv.colorcollab,False,,28d,,True,colorcollab/3 CFNetwork/1209 Darwin/20.2.0,,,,srn,,,,phone,,,
32,click,2021-01-01 08:14:32,2021-01-01 08:16:45,2021-01-09 18:27:28,af_purchase,"{""af_currency"":""USD"",""af_content_type"":""subscription"",""af_revenue"":""0.0"",""af_success"":""False"",""af_price"":""$4.99"",""af_content_id"":""subscription_plus_monthly"",""af_quantity"":""1""}",0.0,USD,0.0,SDK,,,Facebook Ads,Instagram,,US - Launch Coloring Persona - iOS,23845996371770586,CC - US - Coloring Persona - 7 - iOS,23846031749800586,US - CC - Self-expression - 7 - Artistic Escapism,23846031749790586,,,,,,,,,,,,,,,,,,,,,,,,,,,,US,TN,Jefferson City,37760,557,172.58.86.254,False,,,en-US,1609488887252-3736480,,36FDB11B-12B1-43CB-9484-623396827A4F,,,,3AA73CC6-48F0-452C-AF7F-282FEB75B3C9,ios,iPhone XR,14.3,2020.12.21,v5.4.1,id1506654910,Color Collab - iOS,com.foundryiv.colorcollab,False,,28d,,True,colorcollab/3 CFNetwork/1209 Darwin/20.2.0,,,,srn,,,,phone,,,
33,click,2021-01-01 08:14:32,2021-01-01 08:16:45,2021-01-09 18:27:20,af_purchase,"{""af_currency"":""USD"",""af_content_type"":""subscription"",""af_revenue"":""0.0"",""af_success"":""False"",""af_price"":""$59.99"",""af_content_id"":""subscription_plus_yearly"",""af_quantity"":""1""}",0.0,USD,0.0,SDK,,,Facebook Ads,Instagram,,US - Launch Coloring Persona - iOS,23845996371770586,CC - US - Coloring Persona - 7 - iOS,23846031749800586,US - CC - Self-expression - 7 - Artistic Escapism,23846031749790586,,,,,,,,,,,,,,,,,,,,,,,,,,,,US,TN,Jefferson City,37760,557,172.58.86.254,False,,,en-US,1609488887252-3736480,,36FDB11B-12B1-43CB-9484-623396827A4F,,,,3AA73CC6-48F0-452C-AF7F-282FEB75B3C9,ios,iPhone XR,14.3,2020.12.21,v5.4.1,id1506654910,Color Collab - iOS,com.foundryiv.colorcollab,False,,28d,,True,colorcollab/3 CFNetwork/1209 Darwin/20.2.0,,,,srn,,,,phone,,,
34,click,2021-01-01 08:14:32,2021-01-01 08:16:45,2021-01-09 18:24:52,af_purchase,"{""af_currency"":""USD"",""af_content_type"":""subscription"",""af_revenue"":""0.0"",""af_success"":""False"",""af_price"":""$59.99"",""af_content_id"":""subscription_plus_yearly"",""af_quantity"":""1""}",0.0,USD,0.0,SDK,,,Facebook Ads,Instagram,,US - Launch Coloring Persona - iOS,23845996371770586,CC - US - Coloring Persona - 7 - iOS,23846031749800586,US - CC - Self-expression - 7 - Artistic Escapism,23846031749790586,,,,,,,,,,,,,,,,,,,,,,,,,,,,US,MN,Duluth,55807,676,68.112.168.71,True,,,en-US,1609488887252-3736480,,36FDB11B-12B1-43CB-9484-623396827A4F,,,,3AA73CC6-48F0-452C-AF7F-282FEB75B3C9,ios,iPhone XR,14.3,2020.12.21,v5.4.1,id1506654910,Color Collab - iOS,com.foundryiv.colorcollab,False,,28d,,True,colorcollab/3 CFNetwork/1209 Darwin/20.2.0,,,,srn,,,,phone,,,
35,click,2021-01-01 08:14:32,2021-01-01 08:16:45,2021-01-09 18:24:36,af_purchase,"{""af_currency"":""USD"",""af_content_type"":""subscription"",""af_revenue"":""0.0"",""af_success"":""False"",""af_price"":""$4.99"",""af_content_id"":""subscription_plus_monthly"",""af_quantity"":""1""}",0.0,USD,0.0,SDK,,,Facebook Ads,Instagram,,US - Launch Coloring Persona - iOS,23845996371770586,CC - US - Coloring Persona - 7 - iOS,23846031749800586,US - CC - Self-expression - 7 - Artistic Escapism,23846031749790586,,,,,,,,,,,,,,,,,,,,,,,,,,,,US,MN,Duluth,55807,676,68.112.168.71,True,,,en-US,1609488887252-3736480,,36FDB11B-12B1-43CB-9484-623396827A4F,,,,3AA73CC6-48F0-452C-AF7F-282FEB75B3C9,ios,iPhone XR,14.3,2020.12.21,v5.4.1,id1506654910,Color Collab - iOS,com.foundryiv.colorcollab,False,,28d,,True,colorcollab/3 CFNetwork/1209 Darwin/20.2.0,,,,srn,,,,phone,,,
36,click,2021-01-01 08:14:32,2021-01-01 08:16:45,2021-01-09 18:23:10,af_purchase,"{""af_currency"":""USD"",""af_content_type"":""subscription"",""af_revenue"":""0.0"",""af_success"":""False"",""af_price"":""$4.99"",""af_content_id"":""subscription_plus_monthly"",""af_quantity"":""1""}",0.0,USD,0.0,SDK,,,Facebook Ads,Instagram,,US - Launch Coloring Persona - iOS,23845996371770586,CC - US - Coloring Persona - 7 - iOS,23846031749800586,US - CC - Self-expression - 7 - Artistic Escapism,23846031749790586,,,,,,,,,,,,,,,,,,,,,,,,,,,,US,MN,Duluth,55807,676,68.112.168.71,True,,,en-US,1609488887252-3736480,,36FDB11B-12B1-43CB-9484-623396827A4F,,,,3AA73CC6-48F0-452C-AF7F-282FEB75B3C9,ios,iPhone XR,14.3,2020.12.21,v5.4.1,id1506654910,Color Collab - iOS,com.foundryiv.colorcollab,False,,28d,,True,colorcollab/3 CFNetwork/1209 Darwin/20.2.0,,,,srn,,,,phone,,,
37,click,2021-01-08 12:46:01,2021-01-08 12:49:53,2021-01-08 12:50:58,af_purchase,"{""af_currency"":""USD"",""af_content_type"":""subscription"",""af_revenue"":""$4.99"",""af_success"":""True"",""af_price"":""$4.99"",""af_content_id"":""subscription_plus_monthly"",""af_quantity"":""1""}",$4.99,USD,4.99,SDK,,,Facebook Ads,Facebook,,US - Launch Coloring Persona - iOS,23845996371770586,CC - US - Coloring Persona - 7 - iOS,23846031749800586,US - CC - Self-expression - 7 - Artistic Escapism,23846031749790586,,,,,,,,,,,,,,,,,,,,,,,,,,,,US,IA,Council Bluffs,51503,652,174.243.112.100,False,,,en-US,1610109973656-9803694,,368DAF07-180F-4FED-9A5E-7B3D3F3A7F2E,,,,D9D80D36-D9DF-486B-8ACB-147D0021156F,ios,iPhone XS MAX,14.2,2020.12.21,v5.4.1,id1506654910,Color Collab - iOS,com.foundryiv.colorcollab,False,,28d,,True,colorcollab/3 CFNetwork/1206 Darwin/20.1.0,,,,srn,,,,phone,,,
38,click,2021-01-08 02:06:20,2021-01-08 02:07:00,2021-01-08 02:16:36,af_purchase,"{""af_currency"":""USD"",""af_content_type"":""subscription"",""af_revenue"":""$4.99"",""af_success"":""True"",""af_price"":""$4.99"",""af_content_id"":""subscription_plus_monthly"",""af_quantity"":""1""}",$4.99,USD,4.99,SDK,,,Facebook Ads,Instagram,,US - Launch Coloring Persona - iOS,23845996371770586,CC - US - Coloring Persona - 7 - iOS,23846031749800586,US - CC - Self-expression - 7 - Artistic Escapism,23846031749790586,,,,,,,,,,,,,,,,,,,,,,,,,,,,US,TN,Dyersburg,38024,640,107.77.237.136,False,,,en-US,1610071598100-7544815,,6C67B9B1-2916-4E49-A6AF-230E82858D89,,,,DCB7EB54-4815-4C02-849C-B5E88E98CF5F,ios,iPhone 11 Pro Max,14.2,2020.12.21,v5.4.1,id1506654910,Color Collab - iOS,com.foundryiv.colorcollab,False,,28d,,True,colorcollab/3 CFNetwork/1206 Darwin/20.1.0,,,,srn,,,,phone,,,
39,click,2020-12-30 19:57:15,2020-12-30 20:02:13,2021-01-07 20:51:06,af_purchase,"{""af_currency"":""USD"",""af_content_type"":""subscription"",""af_revenue"":""0.0"",""af_success"":""False"",""af_price"":""$4.99"",""af_content_id"":""subscription_plus_monthly"",""af_quantity"":""1""}",0.0,USD,0.0,SDK,,,Facebook Ads,Instagram,,US - Launch Coloring Persona - iOS,23845996371770586,CC - US - Coloring Persona - 7 - iOS,23846031749800586,US - CC - Self-expression - 7 - Artistic Escapism,23846031749790586,,,,,,,,,,,,,,,,,,,,,,,,,,,,US,HI,Waipahu,96797,744,24.94.87.176,True,,,en-US,1609358262078-6472056,,BF1873A0-369D-4DAF-9CC9-91285607828E,,,,6B4F7B20-5F6F-4AD6-84EE-1BD1810000DA,ios,iPhone XS MAX,14.3,2020.12.21,v5.4.1,id1506654910,Color Collab - iOS,com.foundryiv.colorcollab,False,,28d,,True,colorcollab/3 CFNetwork/1209 Darwin/20.2.0,,,,srn,,,,phone,,,
40,click,2021-01-07 20:42:50,2021-01-07 20:46:43,2021-01-07 20:48:49,af_purchase,"{""af_currency"":""USD"",""af_content_type"":""subscription"",""af_revenue"":""$4.99"",""af_success"":""True"",""af_price"":""$4.99"",""af_content_id"":""subscription_plus_monthly"",""af_quantity"":""1""}",$4.99,USD,4.99,SDK,,,Facebook Ads,Instagram,,US - Launch Coloring Persona - iOS,23845996371770586,CC - US - Coloring Persona - 7 - iOS,23846031749800586,US - CC - Self-expression - 7 - Artistic Escapism,23846031749790586,,,,,,,,,,,,,,,,,,,,,,,,,,,,US,PA,Reinholds,17569,566,75.97.1.64,True,,,en-US,1610052180825-9554686,,6839E1A2-018A-4E9B-B95A-E815EBA028CF,,,,9FADD554-68F6-4483-9407-FA55FF38ABCE,ios,iPhone XS MAX,13.7,2020.12.21,v5.4.1,id1506654910,Color Collab - iOS,com.foundryiv.colorcollab,False,,28d,,True,colorcollab/3 CFNetwork/1128.0.1 Darwin/19.6.0,,,,srn,,,,phone,,,
41,click,2021-01-07 20:42:50,2021-01-07 20:46:43,2021-01-07 20:48:38,af_purchase,"{""af_currency"":""USD"",""af_content_type"":""subscription"",""af_revenue"":""0.0"",""af_success"":""False"",""af_price"":""$4.99"",""af_content_id"":""subscription_plus_monthly"",""af_quantity"":""1""}",0.0,USD,0.0,SDK,,,Facebook Ads,Instagram,,US - Launch Coloring Persona - iOS,23845996371770586,CC - US - Coloring Persona - 7 - iOS,23846031749800586,US - CC - Self-expression - 7 - Artistic Escapism,23846031749790586,,,,,,,,,,,,,,,,,,,,,,,,,,,,US,PA,Reinholds,17569,566,75.97.1.64,True,,,en-US,1610052180825-9554686,,6839E1A2-018A-4E9B-B95A-E815EBA028CF,,,,9FADD554-68F6-4483-9407-FA55FF38ABCE,ios,iPhone XS MAX,13.7,2020.12.21,v5.4.1,id1506654910,Color Collab - iOS,com.foundryiv.colorcollab,False,,28d,,True,colorcollab/3 CFNetwork/1128.0.1 Darwin/19.6.0,,,,srn,,,,phone,,,
42,click,2021-01-07 19:38:42,2021-01-07 19:40:10,2021-01-07 19:41:09,af_purchase,"{""af_currency"":""USD"",""af_content_type"":""subscription"",""af_revenue"":""$4.99"",""af_success"":""True"",""af_price"":""$4.99"",""af_content_id"":""subscription_plus_monthly"",""af_quantity"":""1""}",$4.99,USD,4.99,SDK,,,Facebook Ads,Facebook,,US - Launch Coloring Persona - iOS,23845996371770586,CC - US - Coloring Persona - 7 - iOS,23846031749800586,US - CC - Self-expression - 7 - Artistic Escapism,23846031749790586,,,,,,,,,,,,,,,,,,,,,,,,,,,AS,KR,41,Gwangam-Dong,11322,410081,116.44.92.23,True,,,en-US,1610048341105-2922810,,487C21D0-3FB9-461E-9DBA-3DB49493D5AC,,,,F29D2281-0879-4471-B23C-9A97EB54FF32,ios,iPhone 11,14.2,2020.12.21,v5.4.1,id1506654910,Color Collab - iOS,com.foundryiv.colorcollab,False,,28d,,True,colorcollab/3 CFNetwork/1206 Darwin/20.1.0,,,,srn,,,,phone,,,
43,click,2021-01-07 15:44:17,2021-01-07 15:53:09,2021-01-07 15:54:37,af_purchase,"{""af_currency"":""USD"",""af_content_type"":""subscription"",""af_revenue"":""0.0"",""af_success"":""False"",""af_price"":""$4.99"",""af_content_id"":""subscription_plus_monthly"",""af_quantity"":""1""}",0.0,USD,0.0,SDK,,,Facebook Ads,Instagram,,US - Launch Coloring Persona - iOS,23845996371770586,CC - US - Coloring Persona - 7 - iOS,23846031749800586,US - CC - Self-expression - 7 - Artistic Escapism,23846031749790586,,,,,,,,,,,,,,,,,,,,,,,,,,,,US,MT,Custer,59024,756,72.250.154.48,True,,,en-US,1610034275854-1072194,,DE670827-0159-4756-9668-829142ECB496,,,,DB1DB07D-219B-4686-A445-81DF5E203FC6,ios,"iPhone13,2",14.2.1,2020.12.21,v5.4.1,id1506654910,Color Collab - iOS,com.foundryiv.colorcollab,False,,28d,,True,colorcollab/3 CFNetwork/1206 Darwin/20.1.0,,,,srn,,,,phone,,,
44,click,2021-01-06 05:08:33,2021-01-07 13:47:02,2021-01-07 13:49:03,af_purchase,"{""af_currency"":""USD"",""af_content_type"":""subscription"",""af_revenue"":""0.0"",""af_success"":""False"",""af_price"":""$4.99"",""af_content_id"":""subscription_plus_monthly"",""af_quantity"":""1""}",0.0,USD,0.0,SDK,,,Facebook Ads,Instagram,,US - Launch Coloring Persona - iOS,23845996371770586,CC - US - Coloring Persona - 7 - iOS,23846031749800586,US - CC - Self-expression - 7 - Artistic Escapism,23846031749790586,,,,,,,,,,,,,,,,,,,,,,,,,,,,US,IL,Barrington,60010,602,174.253.64.75,False,,,en-US,1609909737408-0654724,,B9E536A1-290E-4C49-9B3D-DD37B1A38D29,,,,CB0FB65C-47D2-43FB-99C3-DFFDC8064293,ios,iPhone XR,14.2,2020.12.21,v5.4.1,id1506654910,Color Collab - iOS,com.foundryiv.colorcollab,False,,28d,,True,colorcollab/3 CFNetwork/1206 Darwin/20.1.0,,,,srn,,,,phone,,,
45,click,2021-01-06 18:03:08,2021-01-06 20:45:33,2021-01-06 20:47:31,af_purchase,"{""af_currency"":""USD"",""af_content_type"":""subscription"",""af_revenue"":""0.0"",""af_success"":""False"",""af_price"":""$4.99"",""af_content_id"":""subscription_plus_monthly"",""af_quantity"":""1""}",0.0,USD,0.0,SDK,,,Facebook Ads,Instagram,,US - Launch Coloring Persona - iOS,23845996371770586,CC - US - Coloring Persona - 7 - iOS,23846031749800586,US - CC - Self-expression - 7 - Artistic Escapism,23846031749790586,,,,,,,,,,,,,,,,,,,,,,,,,,,,US,NV,Las Vegas,89121,839,72.207.171.3,True,,,en-US,1609956199134-2227454,,DAF0C0DD-8C86-4EF5-9699-8A189615CB5E,,,,2EDF22ED-A745-47E4-87F2-A327D738E5A2,ios,iPhone 11,14.2,2020.12.21,v5.4.1,id1506654910,Color Collab - iOS,com.foundryiv.colorcollab,False,,28d,,True,colorcollab/3 CFNetwork/1206 Darwin/20.1.0,,,,srn,,,,phone,,,
46,click,2021-01-06 18:28:18,2021-01-06 19:22:27,2021-01-06 19:25:07,af_purchase,"{""af_currency"":""USD"",""af_content_type"":""subscription"",""af_revenue"":""$4.99"",""af_success"":""True"",""af_price"":""$4.99"",""af_content_id"":""subscription_plus_monthly"",""af_quantity"":""1""}",$4.99,USD,4.99,SDK,,,Facebook Ads,Instagram,,US - Launch Coloring Persona - iOS,23845996371770586,CC - US - Coloring Persona - 7 - iOS,23846031749800586,US - CC - Self-expression - 7 - Artistic Escapism,23846031749790586,,,,,,,,,,,,,,,,,,,,,,,,,,,,US,CA,Santa Barbara,93101,855,98.185.221.162,True,,,en-US,1609957713899-2191884,,06592670-0938-44BA-A050-4FA318069E3B,,,,21918E84-C627-48E4-AE51-AC71FB32F8BE,ios,iPhone 11 Pro Max,14.2,2020.12.21,v5.4.1,id1506654910,Color Collab - iOS,com.foundryiv.colorcollab,False,,28d,,True,colorcollab/3 CFNetwork/1206 Darwin/20.1.0,,,,srn,,,,phone,,,
47,click,2021-01-05 06:51:55,2021-01-06 01:12:41,2021-01-06 01:19:01,af_purchase,"{""af_currency"":""USD"",""af_content_type"":""subscription"",""af_revenue"":""$4.99"",""af_success"":""True"",""af_price"":""$4.99"",""af_content_id"":""subscription_plus_monthly"",""af_quantity"":""1""}",$4.99,USD,4.99,SDK,,,Facebook Ads,Instagram,,US - Launch Coloring Persona - iOS,23845996371770586,CC - US - Coloring Persona - 7 - iOS,23846031749800586,US - CC - Self-expression - 7 - Artistic Escapism,23846031749790586,,,,,,,,,,,,,,,,,,,,,,,,,,,,US,CA,Brea,92821,803,12.28.119.14,True,,,en-US,1609829536041-0898597,,402FA2E2-28B9-4980-91E6-5365DD9050C9,,,,A0898CE5-9F7A-4B0F-99E6-3C3287B92340,ios,iPhone 8,14.2,2020.12.21,v5.4.1,id1506654910,Color Collab - iOS,com.foundryiv.colorcollab,False,,28d,,True,colorcollab/3 CFNetwork/1206 Darwin/20.1.0,,,,srn,,,,phone,,,
48,click,2020-12-21 03:17:09,2020-12-21 03:19:15,2021-01-05 16:51:50,af_purchase,"{""af_currency"":""USD"",""af_content_type"":""subscription"",""af_revenue"":""0.0"",""af_success"":""False"",""af_price"":""$4.99"",""af_content_id"":""subscription_plus_monthly"",""af_quantity"":""1""}",0.0,USD,0.0,SDK,,,Facebook Ads,Facebook,,US - Launch Coloring Persona - iOS,23845996371770586,CC - US - Coloring Persona - 7 - iOS,23846031749800586,US - CC - Self-expression - 7 - Artistic Escapism,23846031749790586,,,,,,,,,,,,,,,,,,,,,,,,,,,,US,CA,San Bernardino,92411,803,172.58.30.138,False,,,en-US,1608520738281-6892434,,DF5EC3FC-FB46-49DC-927C-C7809DA62B7C,,,,68CDCF9E-2FCD-4346-8CED-35BAA1A920B6,ios,iPhone XR,12.4,2020.12.21,v5.4.1,id1506654910,Color Collab - iOS,com.foundryiv.colorcollab,False,,28d,,True,colorcollab/3 CFNetwork/978.0.7 Darwin/18.7.0,,,,srn,,,,phone,,,
49,click,2020-12-21 03:17:09,2020-12-21 03:19:15,2021-01-05 16:44:53,af_purchase,"{""af_currency"":""USD"",""af_content_type"":""subscription"",""af_revenue"":""0.0"",""af_success"":""False"",""af_price"":""$4.99"",""af_content_id"":""subscription_plus_monthly"",""af_quantity"":""1""}",0.0,USD,0.0,SDK,,,Facebook Ads,Facebook,,US - Launch Coloring Persona - iOS,23845996371770586,CC - US - Coloring Persona - 7 - iOS,23846031749800586,US - CC - Self-expression - 7 - Artistic Escapism,23846031749790586,,,,,,,,,,,,,,,,,,,,,,,,,,,,US,CA,San Bernardino,92411,803,172.58.30.138,False,,,en-US,1608520738281-6892434,,DF5EC3FC-FB46-49DC-927C-C7809DA62B7C,,,,68CDCF9E-2FCD-4346-8CED-35BAA1A920B6,ios,iPhone XR,12.4,2020.12.21,v5.4.1,id1506654910,Color Collab - iOS,com.foundryiv.colorcollab,False,,28d,,True,colorcollab/3 CFNetwork/978.0.7 Darwin/18.7.0,,,,srn,,,,phone,,,
50,click,2021-01-04 21:12:38,2021-01-04 21:16:39,2021-01-04 21:20:56,af_purchase,"{""af_currency"":""USD"",""af_content_type"":""subscription"",""af_revenue"":""$4.99"",""af_success"":""True"",""af_price"":""$4.99"",""af_content_id"":""subscription_plus_monthly"",""af_quantity"":""1""}",$4.99,USD,4.99,SDK,,,Facebook Ads,Instagram,,US - Launch Coloring Persona - iOS,23845996371770586,CC - US - Coloring Persona - 7 - iOS,23846031749800586,US - CC - Self-expression - 7 - Artistic Escapism,23846031749790586,,,,,,,,,,,,,,,,,,,,,,,,,,,,US,PA,Pittsburgh,15221,508,67.186.50.254,True,,,en-US,1609794833498-1997913,,3A4DC9FB-B61B-4041-921A-35C344EAB2BF,,,,19DC9C7C-9138-4C15-92E8-D9703E314027,ios,iPhone 11 Pro Max,14.4,2020.12.21,v5.4.1,id1506654910,Color Collab - iOS,com.foundryiv.colorcollab,False,,28d,,True,colorcollab/3 CFNetwork/1209 Darwin/20.3.0,,,,srn,,,,phone,,,
51,click,2021-01-03 22:32:16,2021-01-04 17:10:28,2021-01-04 17:18:57,af_purchase,"{""af_currency"":""USD"",""af_content_type"":""subscription"",""af_revenue"":""$59.99"",""af_success"":""True"",""af_price"":""$59.99"",""af_content_id"":""subscription_plus_yearly"",""af_quantity"":""1""}",$59.99,USD,59.99,SDK,,,Facebook Ads,Instagram,,US - Launch Coloring Persona - iOS,23845996371770586,CC - US - Coloring Persona - 7 - iOS,23846031749800586,US - CC - Self-expression - 7 - Artistic Escapism,23846031749790586,,,,,,,,,,,,,,,,,,,,,,,,,,,,US,TX,Portland,78374,600,208.87.239.202,True,,,en-US,1609713156717-4345764,,FC46E90E-4014-4B72-9140-F3A6F088AD01,,,,B4BFD34D-576A-4E04-AF76-7AA116CCAA2C,ios,iPhone 11,14.2,2020.12.21,v5.4.1,id1506654910,Color Collab - iOS,com.foundryiv.colorcollab,False,,28d,,True,colorcollab/3 CFNetwork/1206 Darwin/20.1.0,,,,srn,,,,phone,,,
52,click,2021-01-04 06:09:19,2021-01-04 06:09:48,2021-01-04 13:42:29,af_purchase,"{""af_currency"":""USD"",""af_content_type"":""subscription"",""af_revenue"":""$4.99"",""af_success"":""True"",""af_price"":""$4.99"",""af_content_id"":""subscription_plus_monthly"",""af_quantity"":""1""}",$4.99,USD,4.99,SDK,,,Facebook Ads,Facebook,,US - Launch Coloring Persona - iOS,23845996371770586,CC - US - Coloring Persona - 7 - iOS,23846031749800586,US - CC - Self-expression - 7 - Artistic Escapism,23846031749790586,,,,,,,,,,,,,,,,,,,,,,,,,,,,US,OH,Columbus,43213,535,69.47.51.130,True,,,en-US,1609740576582-5212087,,5AB561C4-C6B3-48D2-90B2-EA5DBB824715,,,,521DFE2B-0873-4142-8A70-174E850CE09E,ios,iPhone 11,14.2,2020.12.21,v5.4.1,id1506654910,Color Collab - iOS,com.foundryiv.colorcollab,False,,28d,,True,colorcollab/3 CFNetwork/1206 Darwin/20.1.0,,,,srn,,,,phone,,,
53,click,2021-01-03 06:06:49,2021-01-03 06:07:15,2021-01-03 06:10:56,af_purchase,"{""af_currency"":""USD"",""af_content_type"":""subscription"",""af_revenue"":""$4.99"",""af_success"":""True"",""af_price"":""$4.99"",""af_content_id"":""subscription_plus_monthly"",""af_quantity"":""1""}",$4.99,USD,4.99,SDK,,,Facebook Ads,Facebook,,US - Launch Coloring Persona - iOS,23845996371770586,CC - US - Coloring Persona - 7 - iOS,23846031749800586,US - CC - Self-expression - 7 - Artistic Escapism,23846031749790586,,,,,,,,,,,,,,,,,,,,,,,,,,,,US,NY,Otisville,10963,501,69.206.206.176,True,,,en-US,1609654028404-9204632,,B38AD3F0-AC80-44FB-8714-E76AA0DC7F96,,,,9FBD2046-321F-4E00-964E-D5A093F64B5D,ios,iPhone 11 Pro Max,14.3,2020.12.21,v5.4.1,id1506654910,Color Collab - iOS,com.foundryiv.colorcollab,False,,28d,,True,colorcollab/3 CFNetwork/1209 Darwin/20.2.0,,,,srn,,,,phone,,,
54,click,2021-01-02 15:47:58,2021-01-03 05:23:28,2021-01-03 05:34:20,af_purchase,"{""af_currency"":""USD"",""af_content_type"":""subscription"",""af_revenue"":""$4.99"",""af_success"":""True"",""af_price"":""$4.99"",""af_content_id"":""subscription_plus_monthly"",""af_quantity"":""1""}",$4.99,USD,4.99,SDK,,,Facebook Ads,Instagram,,US - Launch Coloring Persona - iOS,23845996371770586,CC - US - Coloring Persona - 7 - iOS,23846031749800586,US - CC - Self-expression - 7 - Artistic Escapism,23846031749790586,instagram_stories,,,,,,,,,,,,,,,,,,,,,,,,,,,US,TX,The Colony,75056,623,76.183.194.13,True,,,en-US,1609602493489-1660704,,ED09FB1E-C1E7-4E8B-8333-5D166A464F1A,,,,1AD6607A-E0B4-4642-9DBF-801FE07F4806,ios,iPhone 8 Plus,14.2,2020.12.21,v5.4.1,id1506654910,Color Collab - iOS,com.foundryiv.colorcollab,False,,28d,,True,colorcollab/3 CFNetwork/1206 Darwin/20.1.0,,,,srn,,,,phone,,,
55,click,2021-01-01 15:35:41,2021-01-02 18:54:49,2021-01-02 19:12:29,af_purchase,"{""af_currency"":""USD"",""af_content_type"":""subscription"",""af_revenue"":""$4.99"",""af_success"":""True"",""af_price"":""$4.99"",""af_content_id"":""subscription_plus_monthly"",""af_quantity"":""1""}",$4.99,USD,4.99,SDK,,,Facebook Ads,Instagram,,US - Launch Coloring Persona - iOS,23845996371770586,CC - US - Coloring Persona - 7 - iOS,23846031749800586,US - CC - Self-expression - 7 - Artistic Escapism,23846031749790586,,,,,,,,,,,,,,,,,,,,,,,,,,,,US,PA,Pittsburgh,15218,508,74.98.254.226,True,,,en-US,1609613660600-1434705,,871AF5EA-073F-4645-8B00-3F45CDDCEC7D,,,,E1AD4347-E054-4C0D-B38E-F1169DC74EE3,ios,"iPad13,1",14.3,2020.12.21,v5.4.1,id1506654910,Color Collab - iOS,com.foundryiv.colorcollab,False,,28d,,True,colorcollab/3 CFNetwork/1209 Darwin/20.2.0,,,,srn,,,,tablet,,,
56,click,2020-12-31 07:21:16,2020-12-31 08:26:48,2021-01-02 10:13:20,af_purchase,"{""af_currency"":""USD"",""af_content_type"":""subscription"",""af_revenue"":""$4.99"",""af_success"":""True"",""af_price"":""$4.99"",""af_content_id"":""subscription_plus_monthly"",""af_quantity"":""1""}",$4.99,USD,4.99,SDK,,,Facebook Ads,Facebook,,US - Launch Coloring Persona - iOS,23845996371770586,CC - US - Coloring Persona - 7 - iOS,23846031749800586,US - CC - Self-expression - 7 - Artistic Escapism,23846031749790586,,,,,,,,,,,,,,,,,,,,,,,,,,,,US,WI,Waterford,53185,617,174.192.149.94,False,,,en-US,1609399282903-5048939,,6A00529F-938B-4370-B47D-CE747F05A78B,,,,504893F9-033F-4787-89EE-FD47A91A23C0,ios,iPhone 11,14.2,2020.12.21,v5.4.1,id1506654910,Color Collab - iOS,com.foundryiv.colorcollab,False,,28d,,True,colorcollab/3 CFNetwork/1206 Darwin/20.1.0,,,,srn,,,,phone,,,
57,click,2021-01-01 21:10:21,2021-01-01 21:11:08,2021-01-01 21:23:33,af_purchase,"{""af_currency"":""USD"",""af_content_type"":""subscription"",""af_revenue"":""$4.99"",""af_success"":""True"",""af_price"":""$4.99"",""af_content_id"":""subscription_plus_monthly"",""af_quantity"":""1""}",$4.99,USD,4.99,SDK,,,Facebook Ads,Instagram,,US - Launch Coloring Persona - iOS,23845996371770586,CC - US - Coloring Persona - 7 - iOS,23846031749800586,US - CC - Self-expression - 7 - Artistic Escapism,23846031749790586,,,,,,,,,,,,,,,,,,,,,,,,,,,,US,PA,Allentown,18104,504,131.106.52.162,True,,,en-AU,1609535433460-9468733,,EF7521B9-AFF9-4D5E-8015-6BFB64924AE0,,,,94BF6873-D367-406F-8C16-57A5EA116F55,ios,iPhone 11 Pro Max,14.0.1,2020.12.21,v5.4.1,id1506654910,Color Collab - iOS,com.foundryiv.colorcollab,False,,28d,,True,colorcollab/3 CFNetwork/1197 Darwin/20.0.0,,,,srn,,,,phone,,,
0,click,2021-01-19 21:56:04,2021-01-19 22:03:48,2021-01-22 08:13:18,af_purchase,"{""af_currency"":""USD"",""af_content_type"":""subscription"",""af_revenue"":""$4.99"",""af_success"":""True"",""af_price"":""$4.99"",""af_content_id"":""subscription_plus_monthly"",""af_quantity"":""1""}",$4.99,USD,4.99,SDK,,,Facebook Ads,Instagram,,US - Launch Coloring Persona - iOS,23845996371770586,CC - US - Coloring Persona - 7 - iOS,23846031749800586,US - CC - Self-expression - 7 - Artistic Escapism,23846031749790586,,,,,,,,,,,,,,,,,,,,,,,,,,,,US,UT,Ogden,84403,770,73.20.70.50,True,,,en-US,1611093378023-6541443,,ABDF8D7F-89FA-49A9-AB35-3CC28ADEC635,,,,EF6DB5A4-AB14-4386-BCAB-32CAA2399832,ios,iPhone 11,14.3,2021.01.11,v5.4.1,id1506654910,Color Collab - iOS,com.foundryiv.colorcollab,False,,28d,,True,colorcollab/1 CFNetwork/1209 Darwin/20.2.0,,,,srn,,,,phone,,,
0,click,2021-01-08 16:12:06,2021-01-08 16:12:41,2021-01-23 18:50:21,af_purchase,"{""af_currency"":""USD"",""af_content_type"":""subscription"",""af_revenue"":""$4.99"",""af_success"":""True"",""af_price"":""$4.99"",""af_content_id"":""subscription_plus_monthly"",""af_quantity"":""1""}",$4.99,USD,4.99,SDK,,,Facebook Ads,Instagram,,US - Launch Coloring Persona - iOS,23845996371770586,CC - US - Coloring Persona - 7 - iOS,23846031749800586,US - CC - Self-expression - 7 - Artistic Escapism,23846031749790586,,,,,,,,,,,,,,,,,,,,,,,,,,,,US,TX,Houston,77015,618,98.39.205.73,True,,,en-US,1610122347565-1156908,,B7ECEF17-F385-45DE-99DB-43499E43DA96,,,,115B6C90-B83A-4571-887E-B3FF7A194CC0,ios,"iPhone13,3",14.3,2021.01.11,v5.4.1,id1506654910,Color Collab - iOS,com.foundryiv.colorcollab,False,,28d,,True,colorcollab/1 CFNetwork/1209 Darwin/20.2.0,,,,srn,,,,phone,,,
1,click,2021-01-22 02:36:44,2021-01-22 03:11:40,2021-01-23 01:09:26,af_purchase,"{""af_currency"":""USD"",""af_content_type"":""subscription"",""af_revenue"":""$4.99"",""af_success"":""True"",""af_price"":""$4.99"",""af_content_id"":""subscription_plus_monthly"",""af_quantity"":""1""}",$4.99,USD,4.99,SDK,,,Facebook Ads,Instagram,,US - Launch Coloring Persona - iOS,23845996371770586,CC - US - Coloring Persona - 7 - iOS,23846031749800586,US - CC - Self-expression - 7 - Artistic Escapism,23846031749790586,,,,,,,,,,,,,,,,,,,,,,,,,,,,US,NY,Brooklyn,11203,501,172.58.231.83,False,,,en-US,1611283030042-6199718,,C7FBBB70-8B20-428A-AF50-CC2A7A2143E6,,,,6DE19971-89FD-46FA-8226-63533E11BA12,ios,"iPhone13,3",14.3,2021.01.11,v5.4.1,id1506654910,Color Collab - iOS,com.foundryiv.colorcollab,False,,28d,,True,colorcollab/1 CFNetwork/1209 Darwin/20.2.0,,,,srn,,,,phone,,,
0,click,2021-01-24 09:55:19,2021-01-24 09:56:37,2021-01-24 09:58:32,af_purchase,"{""af_currency"":""USD"",""af_content_type"":""subscription"",""af_revenue"":""$4.99"",""af_success"":""True"",""af_price"":""$4.99"",""af_content_id"":""subscription_plus_monthly"",""af_quantity"":""1""}",$4.99,USD,4.99,SDK,,,Facebook Ads,Instagram,,US - Launch Coloring Persona - iOS,23845996371770586,CC - US - Coloring Persona - 7 - iOS,23846031749800586,US - CC - Self-expression - 7 - Artistic Escapism,23846031749790586,,,,,,,,,,,,,,,,,,,,,,,,,,,,US,TX,San Antonio,78212,641,76.185.159.124,True,,,en-US,1611482132899-3300699,,13B31C67-19CE-4F7A-870D-E54FEAD97C0A,,,,C330069F-FD98-4982-9818-84335FE4FC98,ios,iPhone 11,14.3,2021.01.21,v5.4.1,id1506654910,Color Collab - iOS,com.foundryiv.colorcollab,False,,28d,,True,colorcollab/2 CFNetwork/1209 Darwin/20.2.0,,,,srn,,,,phone,,,
1,click,2021-01-24 09:55:19,2021-01-24 09:56:37,2021-01-24 09:57:52,af_purchase,"{""af_currency"":""USD"",""af_content_type"":""subscription"",""af_revenue"":""0.0"",""af_success"":""False"",""af_price"":""$4.99"",""af_content_id"":""subscription_plus_monthly"",""af_quantity"":""1""}",0.0,USD,0.0,SDK,,,Facebook Ads,Instagram,,US - Launch Coloring Persona - iOS,23845996371770586,CC - US - Coloring Persona - 7 - iOS,23846031749800586,US - CC - Self-expression - 7 - Artistic Escapism,23846031749790586,,,,,,,,,,,,,,,,,,,,,,,,,,,,US,TX,San Antonio,78212,641,76.185.159.124,True,,,en-US,1611482132899-3300699,,13B31C67-19CE-4F7A-870D-E54FEAD97C0A,,,,C330069F-FD98-4982-9818-84335FE4FC98,ios,iPhone 11,14.3,2021.01.21,v5.4.1,id1506654910,Color Collab - iOS,com.foundryiv.colorcollab,False,,28d,,True,colorcollab/2 CFNetwork/1209 Darwin/20.2.0,,,,srn,,,,phone,,,
2,click,2021-01-24 09:55:19,2021-01-24 09:56:37,2021-01-24 09:57:43,af_purchase,"{""af_currency"":""USD"",""af_content_type"":""subscription"",""af_revenue"":""0.0"",""af_success"":""False"",""af_price"":""$59.99"",""af_content_id"":""subscription_plus_yearly"",""af_quantity"":""1""}",0.0,USD,0.0,SDK,,,Facebook Ads,Instagram,,US - Launch Coloring Persona - iOS,23845996371770586,CC - US - Coloring Persona - 7 - iOS,23846031749800586,US - CC - Self-expression - 7 - Artistic Escapism,23846031749790586,,,,,,,,,,,,,,,,,,,,,,,,,,,,US,TX,San Antonio,78212,641,76.185.159.124,True,,,en-US,1611482132899-3300699,,13B31C67-19CE-4F7A-870D-E54FEAD97C0A,,,,C330069F-FD98-4982-9818-84335FE4FC98,ios,iPhone 11,14.3,2021.01.21,v5.4.1,id1506654910,Color Collab - iOS,com.foundryiv.colorcollab,False,,28d,,True,colorcollab/2 CFNetwork/1209 Darwin/20.2.0,,,,srn,,,,phone,,,
3,click,2021-01-19 15:34:42,2021-01-19 17:18:11,2021-01-24 00:38:53,af_purchase,"{""af_currency"":""USD"",""af_content_type"":""subscription"",""af_revenue"":""0.0"",""af_success"":""False"",""af_price"":""$4.99"",""af_content_id"":""subscription_plus_monthly"",""af_quantity"":""1""}",0.0,USD,0.0,SDK,,,Facebook Ads,Instagram,,US - Launch Coloring Persona - iOS,23845996371770586,CC - US - Coloring Persona - 7 - iOS,23846031749800586,US - CC - Self-expression - 7 - Artistic Escapism,23846031749790586,,,,,,,,,,,,,,,,,,,,,,,,,,,,US,OH,Marietta,45750,597,173.81.48.242,True,,,en-US,1611070535854-7282315,,10540FFD-B77C-4E2F-8405-AB134C836CFF,,,,72AB823B-1545-437F-96C5-011C9CCF8F87,ios,iPhone 11,14.2,2021.01.11,v5.4.1,id1506654910,Color Collab - iOS,com.foundryiv.colorcollab,False,,28d,,True,colorcollab/1 CFNetwork/1206 Darwin/20.1.0,,,,srn,,,,phone,,,
0,click,2021-01-25 19:06:07,2021-01-25 19:07:21,2021-01-25 19:41:32,af_purchase,"{""af_currency"":""USD"",""af_content_type"":""subscription"",""af_revenue"":""$4.99"",""af_success"":""True"",""af_price"":""$4.99"",""af_content_id"":""subscription_plus_monthly"",""af_quantity"":""1""}",$4.99,USD,4.99,SDK,,,Facebook Ads,Instagram,,US - Launch Coloring Persona - iOS,23845996371770586,CC - US - Coloring Persona - 7 - iOS,23846031749800586,US - CC - Self-expression - 7 - Artistic Escapism,23846031749790586,instagram_stories,,,,,,,,,,,,,,,,,,,,,,,,,,,US,UT,Herriman,84096,770,172.56.40.184,False,,,en-US,1611601579345-5309342,,FBBF2B6D-1C35-40A8-8EE6-9FEAB11BB468,,,,53D09DBB-DE3A-423B-BEBA-CFFF1EA56530,ios,iPhone 11,14.3,2021.01.21,v5.4.1,id1506654910,Color Collab - iOS,com.foundryiv.colorcollab,False,,28d,,True,colorcollab/2 CFNetwork/1209 Darwin/20.2.0,,,,srn,,,,phone,,,
1,click,2021-01-19 17:36:42,2021-01-20 00:05:19,2021-01-25 02:42:36,af_purchase,"{""af_currency"":""USD"",""af_content_type"":""subscription"",""af_revenue"":""0.0"",""af_success"":""False"",""af_price"":""$4.99"",""af_content_id"":""subscription_plus_monthly"",""af_quantity"":""1""}",0.0,USD,0.0,SDK,,,Facebook Ads,Instagram,,US - Launch Coloring Persona - iOS,23845996371770586,CC - US - Coloring Persona - 7 - iOS,23846031749800586,US - CC - Self-expression - 7 - Artistic Escapism,23846031749790586,,,,,,,,,,,,,,,,,,,,,,,,,,,,US,NJ,Brick,8723,501,173.54.12.99,True,,,en-US,1611077818277-1718539,,D7F02C85-6A41-4540-AF4C-75117B1E0A19,,,,17185394-075A-436A-893B-0276F83E6839,ios,iPhone 11,14.3,2021.01.11,v5.4.1,id1506654910,Color Collab - iOS,com.foundryiv.colorcollab,False,,28d,,True,colorcollab/1 CFNetwork/1209 Darwin/20.2.0,,,,srn,,,,phone,,,
2,click,2021-01-19 15:34:42,2021-01-19 17:18:11,2021-01-25 01:03:39,af_purchase,"{""af_currency"":""USD"",""af_content_type"":""subscription"",""af_revenue"":""$4.99"",""af_success"":""True"",""af_price"":""$4.99"",""af_content_id"":""subscription_plus_monthly"",""af_quantity"":""1""}",$4.99,USD,4.99,SDK,,,Facebook Ads,Instagram,,US - Launch Coloring Persona - iOS,23845996371770586,CC - US - Coloring Persona - 7 - iOS,23846031749800586,US - CC - Self-expression - 7 - Artistic Escapism,23846031749790586,,,,,,,,,,,,,,,,,,,,,,,,,,,,US,OH,Marietta,45750,597,173.81.60.57,True,,,en-US,1611070535854-7282315,,10540FFD-B77C-4E2F-8405-AB134C836CFF,,,,72AB823B-1545-437F-96C5-011C9CCF8F87,ios,iPhone 11,14.2,2021.01.21,v5.4.1,id1506654910,Color Collab - iOS,com.foundryiv.colorcollab,False,,28d,,True,colorcollab/2 CFNetwork/1206 Darwin/20.1.0,,,,srn,,,,phone,,,
0,click,2021-01-27 19:24:58,2021-01-27 21:44:18,2021-01-27 21:52:21,af_purchase,"{""af_currency"":""USD"",""af_content_type"":""subscription"",""af_revenue"":""0.0"",""af_success"":""False"",""af_price"":""$4.99"",""af_content_id"":""subscription_plus_monthly"",""af_quantity"":""1""}",0.0,USD,0.0,SDK,,,Facebook Ads,Instagram,,US - Launch Coloring Persona - iOS,23845996371770586,CC - US - Coloring Persona - 7 - iOS,23846031749800586,US - CC - Self-expression - 7 - Artistic Escapism,23846031749790586,instagram_stories,,,,,,,,,,,,,,,,,,,,,,,,,,,US,GA,Warner Robins,31093,503,172.58.3.129,False,,,en-US,1611775531891-3791714,,896B62DE-A94E-4ACF-AFD0-7C15A486F089,,,,3AFA7A9E-171C-4FB6-AC15-BF0F55D8AE3D,ios,iPhone XR,14.3,2021.01.21,v5.4.1,id1506654910,Color Collab - iOS,com.foundryiv.colorcollab,False,,28d,,True,colorcollab/2 CFNetwork/1209 Darwin/20.2.0,,,,srn,,,,phone,,,
1,click,2021-01-27 02:17:41,2021-01-27 11:09:58,2021-01-27 15:37:35,af_purchase,"{""af_currency"":""USD"",""af_content_type"":""subscription"",""af_revenue"":""$4.99"",""af_success"":""True"",""af_price"":""$4.99"",""af_content_id"":""subscription_plus_monthly"",""af_quantity"":""1""}",$4.99,USD,4.99,SDK,,,Facebook Ads,Instagram,,US - Launch Coloring Persona - iOS,23845996371770586,CC - US - Coloring Persona - 7 - iOS,23846031749800586,US - CC - Self-expression - 7 - Artistic Escapism,23846031749790586,instagram_stories,,,,,,,,,,,,,,,,,,,,,,,,,,,US,NY,New York,10001,501,107.77.224.43,False,,,en-US,1611713874451-8379035,,19785581-166F-42A3-AC43-0F21103C601E,,,,837EF9AC-03E5-4C00-B6FD-19A7EEBEE416,ios,iPhone 11,14.3,2021.01.21,v5.4.1,id1506654910,Color Collab - iOS,com.foundryiv.colorcollab,False,,28d,,True,colorcollab/2 CFNetwork/1209 Darwin/20.2.0,,,,srn,,,,phone,,,
2,click,2021-01-27 05:15:38,2021-01-27 05:33:32,2021-01-27 05:40:39,af_purchase,"{""af_currency"":""USD"",""af_content_type"":""subscription"",""af_revenue"":""0.0"",""af_success"":""False"",""af_price"":""$4.99"",""af_content_id"":""subscription_plus_monthly"",""af_quantity"":""1""}",0.0,USD,0.0,SDK,,,Facebook Ads,Facebook,,US - Launch Coloring Persona - iOS,23845996371770586,CC - US - Coloring Persona - 4 - iOS,23846031660460586,US - CC - Self-expression - 4 - iOS,23846031660450586,,,,,,,,,,,,,,,,,,,,,,,,,,,,US,NY,Walton,13856,502,74.67.81.65,True,,,en-US,1611724552599-0719243,,427A5F42-F91B-4042-AB21-F4327B74FBB6,,,,07A192CB-E439-4DCC-8593-6FF9D890C2F4,ios,iPad 7 WiFi,14.3,2021.01.21,v5.4.1,id1506654910,Color Collab - iOS,com.foundryiv.colorcollab,False,,28d,,True,colorcollab/2 CFNetwork/1209 Darwin/20.2.0,,,,srn,,,,tablet,,,
3,click,2021-01-27 00:51:37,2021-01-27 00:52:27,2021-01-27 00:53:59,af_purchase,"{""af_currency"":""USD"",""af_content_type"":""subscription"",""af_revenue"":""$4.99"",""af_success"":""True"",""af_price"":""$4.99"",""af_content_id"":""subscription_plus_monthly"",""af_quantity"":""1""}",$4.99,USD,4.99,SDK,,,Facebook Ads,Instagram,,US - Launch Coloring Persona - iOS,23845996371770586,CC - US - Coloring Persona - 7 - iOS,23846031749800586,US - CC - Self-expression - 7 - Artistic Escapism,23846031749790586,,,,,,,,,,,,,,,,,,,,,,,,,,,,US,OH,North Canton,44720,510,174.232.8.69,False,,,en-US,1611708726213-2856734,,DB99EDC1-67DB-4F5A-BF5F-6CEF2205575C,,,,2A8DC56E-7B3E-45F2-95C3-43C46A223298,ios,iPhone 11 Pro Max,14.3,2021.01.21,v5.4.1,id1506654910,Color Collab - iOS,com.foundryiv.colorcollab,False,,28d,,True,colorcollab/2 CFNetwork/1209 Darwin/20.2.0,,,,srn,,,,phone,,,
